,danceability,energy,key,loudness,mode,speechiness,acousticness,instrumentalness,liveness,valence,tempo,type,id,uri,track_href,analysis_url,duration_ms,time_signature
0,0.707,0.688,7,-7.875,1,0.0495,0.372,1.27e-06,0.108,0.846,133.016,audio_features,4V7pB7pmPU1wf6U8S2iP2S,spotify:track:4V7pB7pmPU1wf6U8S2iP2S,https://api.spotify.com/v1/tracks/4V7pB7pmPU1wf6U8S2iP2S,https://api.spotify.com/v1/audio-analysis/4V7pB7pmPU1wf6U8S2iP2S,238000,4
1,0.707,0.688,7,-7.875,1,0.0495,0.372,1.27e-06,0.108,0.846,133.016,audio_features,4V7pB7pmPU1wf6U8S2iP2S,spotify:track:4V7pB7pmPU1wf6U8S2iP2S,https://api.spotify.com/v1/tracks/4V7pB7pmPU1wf6U8S2iP2S,https://api.spotify.com/v1/audio-analysis/4V7pB7pmPU1wf6U8S2iP2S,238000,4
2,0.707,0.629,0,-4.581,0,0.0563,0.259,1.6e-05,0.138,0.457,122.863,audio_features,1x5sYLZiu9r5E43kMlt9f8,spotify:track:1x5sYLZiu9r5E43kMlt9f8,https://api.spotify.com/v1/tracks/1x5sYLZiu9r5E43kMlt9f8,https://api.spotify.com/v1/audio-analysis/1x5sYLZiu9r5E43kMlt9f8,212459,4
3,0.866,0.813,11,-4.063,0,0.0554,0.38,0.0,0.0779,0.969,121.998,audio_features,7JJmb5XwzOO8jgpou264Ml,spotify:track:7JJmb5XwzOO8jgpou264Ml,https://api.spotify.com/v1/tracks/7JJmb5XwzOO8jgpou264Ml,https://api.spotify.com/v1/audio-analysis/7JJmb5XwzOO8jgpou264Ml,199440,4
4,0.697,0.683,1,-2.881,0,0.117,0.0372,0.0,0.137,0.603,96.133,audio_features,2BgEsaKNfHUdlh97KmvFyo,spotify:track:2BgEsaKNfHUdlh97KmvFyo,https://api.spotify.com/v1/tracks/2BgEsaKNfHUdlh97KmvFyo,https://api.spotify.com/v1/audio-analysis/2BgEsaKNfHUdlh97KmvFyo,186987,4
5,0.753,0.657,7,-3.061,1,0.0449,0.171,0.0,0.112,0.437,107.01,audio_features,09IStsImFySgyp0pIQdqAc,spotify:track:09IStsImFySgyp0pIQdqAc,https://api.spotify.com/v1/tracks/09IStsImFySgyp0pIQdqAc,https://api.spotify.com/v1/audio-analysis/09IStsImFySgyp0pIQdqAc,184732,4
6,0.591,0.764,1,-5.484,1,0.0483,0.0383,0.0,0.103,0.478,169.928,audio_features,5HCyWlXZPP0y6Gqq8TgA20,spotify:track:5HCyWlXZPP0y6Gqq8TgA20,https://api.spotify.com/v1/tracks/5HCyWlXZPP0y6Gqq8TgA20,https://api.spotify.com/v1/audio-analysis/5HCyWlXZPP0y6Gqq8TgA20,141806,4
7,0.842,0.734,1,-5.065,0,0.0588,0.0427,0.0,0.106,0.952,137.958,audio_features,22vgEDb5hykfaTwLuskFGD,spotify:track:22vgEDb5hykfaTwLuskFGD,https://api.spotify.com/v1/tracks/22vgEDb5hykfaTwLuskFGD,https://api.spotify.com/v1/audio-analysis/22vgEDb5hykfaTwLuskFGD,181027,4
8,0.596,0.854,7,-5.114,0,0.463,0.0169,0.0,0.124,0.152,120.274,audio_features,2iUXsYOEPhVqEBwsqP70rE,spotify:track:2iUXsYOEPhVqEBwsqP70rE,https://api.spotify.com/v1/tracks/2iUXsYOEPhVqEBwsqP70rE,https://api.spotify.com/v1/audio-analysis/2iUXsYOEPhVqEBwsqP70rE,203418,4
9,0.756,0.789,2,-7.002,1,0.0324,0.53,0.000711,0.157,0.873,127.987,audio_features,5k5fWendNngd89O8JKoE8L,spotify:track:5k5fWendNngd89O8JKoE8L,https://api.spotify.com/v1/tracks/5k5fWendNngd89O8JKoE8L,https://api.spotify.com/v1/audio-analysis/5k5fWendNngd89O8JKoE8L,176267,4
10,0.748,0.524,8,-5.599,1,0.0338,0.414,0.0,0.111,0.661,95.01,audio_features,7BKLCZ1jbUBVqRi2FVlTVw,spotify:track:7BKLCZ1jbUBVqRi2FVlTVw,https://api.spotify.com/v1/tracks/7BKLCZ1jbUBVqRi2FVlTVw,https://api.spotify.com/v1/audio-analysis/7BKLCZ1jbUBVqRi2FVlTVw,244960,4
11,0.752,0.505,9,-7.621,1,0.253,0.535,2.55e-06,0.104,0.419,91.97,audio_features,2P91MQbaiQOfbiz9VqhqKQ,spotify:track:2P91MQbaiQOfbiz9VqhqKQ,https://api.spotify.com/v1/tracks/2P91MQbaiQOfbiz9VqhqKQ,https://api.spotify.com/v1/audio-analysis/2P91MQbaiQOfbiz9VqhqKQ,197437,4
12,0.699,0.529,2,-7.548,1,0.0487,0.0317,3.59e-05,0.285,0.121,119.987,audio_features,3DmW6y7wTEYHJZlLo1r6XJ,spotify:track:3DmW6y7wTEYHJZlLo1r6XJ,https://api.spotify.com/v1/tracks/3DmW6y7wTEYHJZlLo1r6XJ,https://api.spotify.com/v1/audio-analysis/3DmW6y7wTEYHJZlLo1r6XJ,206167,4
13,0.788,0.859,2,-2.724,1,0.0856,0.281,0.0,0.0424,0.822,141.02,audio_features,50nfwKoDiSYg8zOCREWAm5,spotify:track:50nfwKoDiSYg8zOCREWAm5,https://api.spotify.com/v1/tracks/50nfwKoDiSYg8zOCREWAm5,https://api.spotify.com/v1/audio-analysis/50nfwKoDiSYg8zOCREWAm5,207853,4
14,0.621,0.747,11,-5.084,1,0.0337,0.222,0.000194,0.147,0.426,124.015,audio_features,3LEgGAl9zLcQWGTp7ptqtQ,spotify:track:3LEgGAl9zLcQWGTp7ptqtQ,https://api.spotify.com/v1/tracks/3LEgGAl9zLcQWGTp7ptqtQ,https://api.spotify.com/v1/audio-analysis/3LEgGAl9zLcQWGTp7ptqtQ,188894,4
15,0.579,0.904,5,-2.729,1,0.0618,0.193,0.0,0.064,0.681,82.014,audio_features,1rqqCSm0Qe4I9rUvWncaom,spotify:track:1rqqCSm0Qe4I9rUvWncaom,https://api.spotify.com/v1/tracks/1rqqCSm0Qe4I9rUvWncaom,https://api.spotify.com/v1/audio-analysis/1rqqCSm0Qe4I9rUvWncaom,190947,4
16,0.444,0.819,10,-4.078,0,0.341,0.106,0.0,0.107,0.747,82.695,audio_features,3QGsuHI8jO1Rx4JWLUh9jd,spotify:track:3QGsuHI8jO1Rx4JWLUh9jd,https://api.spotify.com/v1/tracks/3QGsuHI8jO1Rx4JWLUh9jd,https://api.spotify.com/v1/audio-analysis/3QGsuHI8jO1Rx4JWLUh9jd,187973,4
17,0.695,0.884,6,-2.278,0,0.0753,0.0561,0.0,0.213,0.914,103.014,audio_features,39LLxExYz6ewLAcYrzQQyP,spotify:track:39LLxExYz6ewLAcYrzQQyP,https://api.spotify.com/v1/tracks/39LLxExYz6ewLAcYrzQQyP,https://api.spotify.com/v1/audio-analysis/39LLxExYz6ewLAcYrzQQyP,203808,4
18,0.56,0.872,3,-4.269,1,0.14,0.0239,6.98e-06,0.371,0.682,126.05,audio_features,1kPpge9JDLpcj15qgrPbYX,spotify:track:1kPpge9JDLpcj15qgrPbYX,https://api.spotify.com/v1/tracks/1kPpge9JDLpcj15qgrPbYX,https://api.spotify.com/v1/audio-analysis/1kPpge9JDLpcj15qgrPbYX,205933,4
19,0.617,0.635,11,-6.769,0,0.0317,0.0498,1.44e-05,0.164,0.446,103.019,audio_features,6RUKPb4LETWmmr3iAEQktW,spotify:track:6RUKPb4LETWmmr3iAEQktW,https://api.spotify.com/v1/tracks/6RUKPb4LETWmmr3iAEQktW,https://api.spotify.com/v1/audio-analysis/6RUKPb4LETWmmr3iAEQktW,247160,4
20,0.737,0.846,1,-4.51,0,0.22,0.00614,0.0,0.0486,0.546,87.981,audio_features,0e8nrvls4Qqv5Rfa2UhqmO,spotify:track:0e8nrvls4Qqv5Rfa2UhqmO,https://api.spotify.com/v1/tracks/0e8nrvls4Qqv5Rfa2UhqmO,https://api.spotify.com/v1/audio-analysis/0e8nrvls4Qqv5Rfa2UhqmO,143901,4
21,0.752,0.754,1,-6.684,1,0.0615,0.0151,0.0,0.0486,0.755,149.789,audio_features,5jsw9uXEGuKyJzs0boZ1bT,spotify:track:5jsw9uXEGuKyJzs0boZ1bT,https://api.spotify.com/v1/tracks/5jsw9uXEGuKyJzs0boZ1bT,https://api.spotify.com/v1/audio-analysis/5jsw9uXEGuKyJzs0boZ1bT,206880,4
22,0.807,0.893,11,-3.745,0,0.0347,0.0451,2.79e-05,0.366,0.537,126.011,audio_features,3rmo8F54jFF8OgYsqTxm5d,spotify:track:3rmo8F54jFF8OgYsqTxm5d,https://api.spotify.com/v1/tracks/3rmo8F54jFF8OgYsqTxm5d,https://api.spotify.com/v1/audio-analysis/3rmo8F54jFF8OgYsqTxm5d,230747,4
23,0.646,0.795,9,-3.293,1,0.0976,0.0319,0.0,0.267,0.796,89.99,audio_features,0qOnSQQF0yzuPWsXrQ9paz,spotify:track:0qOnSQQF0yzuPWsXrQ9paz,https://api.spotify.com/v1/tracks/0qOnSQQF0yzuPWsXrQ9paz,https://api.spotify.com/v1/audio-analysis/0qOnSQQF0yzuPWsXrQ9paz,210960,4
24,0.72,0.791,1,-4.689,1,0.124,0.0384,0.0,0.157,0.756,102.071,audio_features,6FE2iI43OZnszFLuLtvvmg,spotify:track:6FE2iI43OZnszFLuLtvvmg,https://api.spotify.com/v1/tracks/6FE2iI43OZnszFLuLtvvmg,https://api.spotify.com/v1/audio-analysis/6FE2iI43OZnszFLuLtvvmg,175427,4
25,0.611,0.744,4,-6.845,1,0.0654,0.026,0.0,0.176,0.705,105.882,audio_features,7weX6syqklVQocpVVmDNwI,spotify:track:7weX6syqklVQocpVVmDNwI,https://api.spotify.com/v1/tracks/7weX6syqklVQocpVVmDNwI,https://api.spotify.com/v1/audio-analysis/7weX6syqklVQocpVVmDNwI,185851,4
26,0.775,0.613,3,-4.586,0,0.0542,0.109,2.33e-05,0.134,0.797,100.066,audio_features,5cF0dROlMOK5uNZtivgu50,spotify:track:5cF0dROlMOK5uNZtivgu50,https://api.spotify.com/v1/tracks/5cF0dROlMOK5uNZtivgu50,https://api.spotify.com/v1/audio-analysis/5cF0dROlMOK5uNZtivgu50,208787,4
27,0.694,0.712,7,-3.923,0,0.046,0.132,0.0,0.211,0.799,98.023,audio_features,1rIKgCH4H52lrvDcz50hS8,spotify:track:1rIKgCH4H52lrvDcz50hS8,https://api.spotify.com/v1/tracks/1rIKgCH4H52lrvDcz50hS8,https://api.spotify.com/v1/audio-analysis/1rIKgCH4H52lrvDcz50hS8,201122,4
28,0.647,0.785,7,-5.414,1,0.165,0.0561,0.0,0.148,0.943,160.015,audio_features,5xTtaWoae3wi06K5WfVUUH,spotify:track:5xTtaWoae3wi06K5WfVUUH,https://api.spotify.com/v1/tracks/5xTtaWoae3wi06K5WfVUUH,https://api.spotify.com/v1/audio-analysis/5xTtaWoae3wi06K5WfVUUH,219200,4
29,0.637,0.69,1,-4.057,0,0.0405,0.00786,0.0,0.124,0.457,129.857,audio_features,7a53HqqArd4b9NF4XAmlbI,spotify:track:7a53HqqArd4b9NF4XAmlbI,https://api.spotify.com/v1/tracks/7a53HqqArd4b9NF4XAmlbI,https://api.spotify.com/v1/audio-analysis/7a53HqqArd4b9NF4XAmlbI,162399,4
30,0.77,0.882,8,-4.792,1,0.0602,0.194,0.0,0.316,0.385,99.991,audio_features,5PYQUBXc7NYeI1obMKSJK0,spotify:track:5PYQUBXc7NYeI1obMKSJK0,https://api.spotify.com/v1/tracks/5PYQUBXc7NYeI1obMKSJK0,https://api.spotify.com/v1/audio-analysis/5PYQUBXc7NYeI1obMKSJK0,223523,4
31,0.588,0.701,9,-6.39,1,0.0402,0.00813,0.0,0.2,0.443,104.988,audio_features,3FeVmId7tL5YN8B7R3imoM,spotify:track:3FeVmId7tL5YN8B7R3imoM,https://api.spotify.com/v1/tracks/3FeVmId7tL5YN8B7R3imoM,https://api.spotify.com/v1/audio-analysis/3FeVmId7tL5YN8B7R3imoM,228000,4
32,0.776,0.875,4,-5.535,1,0.0575,0.0343,0.0,0.314,0.849,111.988,audio_features,6rmXhRIemCTPyMYZRDN7Qg,spotify:track:6rmXhRIemCTPyMYZRDN7Qg,https://api.spotify.com/v1/tracks/6rmXhRIemCTPyMYZRDN7Qg,https://api.spotify.com/v1/audio-analysis/6rmXhRIemCTPyMYZRDN7Qg,211786,4
33,0.697,0.875,5,-4.621,1,0.034,0.137,0.0,0.28,0.774,140.069,audio_features,5r43qanLhUCdBj8HN3fa6B,spotify:track:5r43qanLhUCdBj8HN3fa6B,https://api.spotify.com/v1/tracks/5r43qanLhUCdBj8HN3fa6B,https://api.spotify.com/v1/audio-analysis/5r43qanLhUCdBj8HN3fa6B,163855,4
34,0.578,0.866,1,-3.804,1,0.0619,0.00701,0.0,0.257,0.619,128.038,audio_features,4kbj5MwxO1bq9wjT5g9HaA,spotify:track:4kbj5MwxO1bq9wjT5g9HaA,https://api.spotify.com/v1/tracks/4kbj5MwxO1bq9wjT5g9HaA,https://api.spotify.com/v1/audio-analysis/4kbj5MwxO1bq9wjT5g9HaA,199080,4
35,0.798,0.675,6,-5.041,1,0.0442,0.0912,0.0,0.0894,0.842,101.956,audio_features,3HVWdVOQ0ZA45FuZGSfvns,spotify:track:3HVWdVOQ0ZA45FuZGSfvns,https://api.spotify.com/v1/tracks/3HVWdVOQ0ZA45FuZGSfvns,https://api.spotify.com/v1/audio-analysis/3HVWdVOQ0ZA45FuZGSfvns,219947,4
36,0.742,0.713,1,-5.522,0,0.0303,0.0205,0.0,0.059,0.879,120.032,audio_features,4gbVRS8gloEluzf0GzDOFc,spotify:track:4gbVRS8gloEluzf0GzDOFc,https://api.spotify.com/v1/tracks/4gbVRS8gloEluzf0GzDOFc,https://api.spotify.com/v1/audio-analysis/4gbVRS8gloEluzf0GzDOFc,189960,4
37,0.622,0.469,3,-6.798,0,0.0363,0.00454,2.25e-06,0.0335,0.679,77.019,audio_features,6FB3v4YcR57y4tXFcdxI1E,spotify:track:6FB3v4YcR57y4tXFcdxI1E,https://api.spotify.com/v1/tracks/6FB3v4YcR57y4tXFcdxI1E,https://api.spotify.com/v1/audio-analysis/6FB3v4YcR57y4tXFcdxI1E,219720,4
38,0.572,0.759,2,-4.312,1,0.0506,0.127,0.0,0.224,0.519,80.95,audio_features,3fGW43fnu3OHEw6ohTC2Bw,spotify:track:3fGW43fnu3OHEw6ohTC2Bw,https://api.spotify.com/v1/tracks/3fGW43fnu3OHEw6ohTC2Bw,https://api.spotify.com/v1/audio-analysis/3fGW43fnu3OHEw6ohTC2Bw,163733,4
39,0.749,0.674,10,-5.128,0,0.0366,0.0209,0.0,0.169,0.711,123.055,audio_features,0osvOdeD3YXZiWkT8MKolJ,spotify:track:0osvOdeD3YXZiWkT8MKolJ,https://api.spotify.com/v1/tracks/0osvOdeD3YXZiWkT8MKolJ,https://api.spotify.com/v1/audio-analysis/0osvOdeD3YXZiWkT8MKolJ,153865,4
40,0.664,0.705,1,-4.972,0,0.0382,0.0654,0.0,0.115,0.477,122.017,audio_features,6sy3LkhNFjJWlaeSMNwQ62,spotify:track:6sy3LkhNFjJWlaeSMNwQ62,https://api.spotify.com/v1/tracks/6sy3LkhNFjJWlaeSMNwQ62,https://api.spotify.com/v1/audio-analysis/6sy3LkhNFjJWlaeSMNwQ62,257840,4
41,0.759,0.54,9,-6.039,0,0.0287,0.037,0.0,0.0945,0.75,116.947,audio_features,0TK2YIli7K1leLovkQiNik,spotify:track:0TK2YIli7K1leLovkQiNik,https://api.spotify.com/v1/tracks/0TK2YIli7K1leLovkQiNik,https://api.spotify.com/v1/audio-analysis/0TK2YIli7K1leLovkQiNik,190960,4
42,0.64,0.648,5,-8.113,0,0.187,0.124,0.0,0.0802,0.548,92.977,audio_features,4evmHXcjt3bTUHD1cvny97,spotify:track:4evmHXcjt3bTUHD1cvny97,https://api.spotify.com/v1/tracks/4evmHXcjt3bTUHD1cvny97,https://api.spotify.com/v1/audio-analysis/4evmHXcjt3bTUHD1cvny97,197867,4
43,0.773,0.747,5,-4.061,1,0.0885,0.0242,8.99e-06,0.109,0.801,126.014,audio_features,0ErK6K0kYr0Ow2RkPMhmMs,spotify:track:0ErK6K0kYr0Ow2RkPMhmMs,https://api.spotify.com/v1/tracks/0ErK6K0kYr0Ow2RkPMhmMs,https://api.spotify.com/v1/audio-analysis/0ErK6K0kYr0Ow2RkPMhmMs,246240,4
44,0.794,0.793,11,-4.521,0,0.0842,0.0125,0.0,0.0952,0.677,123.941,audio_features,6WrI0LAC5M1Rw2MnX2ZvEg,spotify:track:6WrI0LAC5M1Rw2MnX2ZvEg,https://api.spotify.com/v1/tracks/6WrI0LAC5M1Rw2MnX2ZvEg,https://api.spotify.com/v1/audio-analysis/6WrI0LAC5M1Rw2MnX2ZvEg,183290,4
45,0.774,0.792,10,-4.021,1,0.0523,0.051,0.0,0.155,0.507,122.062,audio_features,3eJH2nAjvNXdmPfBkALiPZ,spotify:track:3eJH2nAjvNXdmPfBkALiPZ,https://api.spotify.com/v1/tracks/3eJH2nAjvNXdmPfBkALiPZ,https://api.spotify.com/v1/audio-analysis/3eJH2nAjvNXdmPfBkALiPZ,139672,4
46,0.776,0.808,11,-4.501,1,0.117,0.0297,0.000127,0.103,0.494,123.988,audio_features,0z8hI3OPS8ADPWtoCjjLl6,spotify:track:0z8hI3OPS8ADPWtoCjjLl6,https://api.spotify.com/v1/tracks/0z8hI3OPS8ADPWtoCjjLl6,https://api.spotify.com/v1/audio-analysis/0z8hI3OPS8ADPWtoCjjLl6,184104,4
47,0.748,0.788,1,-7.055,1,0.0334,0.0591,0.0,0.0863,0.884,120.076,audio_features,2iuZJX9X9P0GKaE93xcPjk,spotify:track:2iuZJX9X9P0GKaE93xcPjk,https://api.spotify.com/v1/tracks/2iuZJX9X9P0GKaE93xcPjk,https://api.spotify.com/v1/audio-analysis/2iuZJX9X9P0GKaE93xcPjk,235493,4
48,0.548,0.816,0,-4.209,1,0.0465,0.122,0.0,0.335,0.557,95.39,audio_features,6UelLqGlWMcVH1E5c4H7lY,spotify:track:6UelLqGlWMcVH1E5c4H7lY,https://api.spotify.com/v1/tracks/6UelLqGlWMcVH1E5c4H7lY,https://api.spotify.com/v1/audio-analysis/6UelLqGlWMcVH1E5c4H7lY,174000,4
49,0.672,0.855,9,-3.764,1,0.0397,0.021,0.0,0.323,0.646,123.056,audio_features,7ju97lgwC2rKQ6wwsf9no9,spotify:track:7ju97lgwC2rKQ6wwsf9no9,https://api.spotify.com/v1/tracks/7ju97lgwC2rKQ6wwsf9no9,https://api.spotify.com/v1/audio-analysis/7ju97lgwC2rKQ6wwsf9no9,182200,4
50,0.509,0.671,1,-5.709,1,0.0678,0.304,0.0,0.0452,0.55,118.413,audio_features,7x5xYW5W42OGPAdHUyyguy,spotify:track:7x5xYW5W42OGPAdHUyyguy,https://api.spotify.com/v1/tracks/7x5xYW5W42OGPAdHUyyguy,https://api.spotify.com/v1/audio-analysis/7x5xYW5W42OGPAdHUyyguy,227480,5
51,0.592,0.8,6,-4.931,0,0.215,0.0561,2.01e-06,0.0775,0.728,89.972,audio_features,6b3b7lILUJqXcp6w9wNQSm,spotify:track:6b3b7lILUJqXcp6w9wNQSm,https://api.spotify.com/v1/tracks/6b3b7lILUJqXcp6w9wNQSm,https://api.spotify.com/v1/audio-analysis/6b3b7lILUJqXcp6w9wNQSm,224813,4
52,0.775,0.327,11,-7.241,1,0.0557,0.841,0.0,0.0821,0.595,91.05,audio_features,4cktbXiXOapiLBMprHFErI,spotify:track:4cktbXiXOapiLBMprHFErI,https://api.spotify.com/v1/tracks/4cktbXiXOapiLBMprHFErI,https://api.spotify.com/v1/audio-analysis/4cktbXiXOapiLBMprHFErI,189486,4
53,0.825,0.652,1,-3.183,0,0.0802,0.581,0.0,0.0931,0.931,95.977,audio_features,7qiZfU4dY1lWllzX7mPBI3,spotify:track:7qiZfU4dY1lWllzX7mPBI3,https://api.spotify.com/v1/tracks/7qiZfU4dY1lWllzX7mPBI3,https://api.spotify.com/v1/audio-analysis/7qiZfU4dY1lWllzX7mPBI3,233713,4
54,0.687,0.717,11,-6.61,1,0.0755,0.0744,0.0,0.134,0.685,88.063,audio_features,0HLhptvI8NozbOHRLNniFz,spotify:track:0HLhptvI8NozbOHRLNniFz,https://api.spotify.com/v1/tracks/0HLhptvI8NozbOHRLNniFz,https://api.spotify.com/v1/audio-analysis/0HLhptvI8NozbOHRLNniFz,158995,4
55,0.704,0.778,5,-5.331,1,0.0971,0.00447,0.0,0.0731,0.821,101.025,audio_features,5nhW8I46uDE5sc5ouEbzao,spotify:track:5nhW8I46uDE5sc5ouEbzao,https://api.spotify.com/v1/tracks/5nhW8I46uDE5sc5ouEbzao,https://api.spotify.com/v1/audio-analysis/5nhW8I46uDE5sc5ouEbzao,183537,4
56,0.794,0.706,5,-6.066,0,0.0382,0.198,0.0,0.0536,0.908,116.032,audio_features,7jqXDgGWkV4w2ctdb2g59o,spotify:track:7jqXDgGWkV4w2ctdb2g59o,https://api.spotify.com/v1/tracks/7jqXDgGWkV4w2ctdb2g59o,https://api.spotify.com/v1/audio-analysis/7jqXDgGWkV4w2ctdb2g59o,170614,4
57,0.761,0.695,5,-4.048,1,0.0886,0.0783,0.0,0.14,0.69,118.004,audio_features,3oiLlbBynuErymca4Dwp5H,spotify:track:3oiLlbBynuErymca4Dwp5H,https://api.spotify.com/v1/tracks/3oiLlbBynuErymca4Dwp5H,https://api.spotify.com/v1/audio-analysis/3oiLlbBynuErymca4Dwp5H,201667,4
58,0.783,0.912,0,-3.713,1,0.243,0.0238,0.0,0.339,0.749,98.025,audio_features,59s3aMqR9uOzLIXAcgBCEm,spotify:track:59s3aMqR9uOzLIXAcgBCEm,https://api.spotify.com/v1/tracks/59s3aMqR9uOzLIXAcgBCEm,https://api.spotify.com/v1/audio-analysis/59s3aMqR9uOzLIXAcgBCEm,166898,4
59,0.757,0.547,7,-4.573,1,0.0355,0.0115,0.0,0.0445,0.793,126.977,audio_features,6MAdEUilV2p9RQUqE5bMAK,spotify:track:6MAdEUilV2p9RQUqE5bMAK,https://api.spotify.com/v1/tracks/6MAdEUilV2p9RQUqE5bMAK,https://api.spotify.com/v1/audio-analysis/6MAdEUilV2p9RQUqE5bMAK,231693,4
60,0.803,0.585,8,-5.861,1,0.0432,0.103,3.94e-06,0.0644,0.593,105.017,audio_features,4tCtwWceOPWzenK2HAIJSb,spotify:track:4tCtwWceOPWzenK2HAIJSb,https://api.spotify.com/v1/tracks/4tCtwWceOPWzenK2HAIJSb,https://api.spotify.com/v1/audio-analysis/4tCtwWceOPWzenK2HAIJSb,214480,4
61,0.628,0.698,6,-5.608,0,0.105,0.0472,0.00143,0.0907,0.732,89.976,audio_features,3S4px9f4lceWdKf0gWciFu,spotify:track:3S4px9f4lceWdKf0gWciFu,https://api.spotify.com/v1/tracks/3S4px9f4lceWdKf0gWciFu,https://api.spotify.com/v1/audio-analysis/3S4px9f4lceWdKf0gWciFu,211667,4
62,0.673,0.902,2,-2.392,1,0.0346,0.0591,0.000262,0.0558,0.538,100.012,audio_features,5Hroj5K7vLpIG4FNCRIjbP,spotify:track:5Hroj5K7vLpIG4FNCRIjbP,https://api.spotify.com/v1/tracks/5Hroj5K7vLpIG4FNCRIjbP,https://api.spotify.com/v1/audio-analysis/5Hroj5K7vLpIG4FNCRIjbP,194240,4
63,0.852,0.698,9,-7.206,1,0.0629,0.00839,1.03e-06,0.0773,0.324,113.039,audio_features,4wNIkl5XGiAACjFBlDWuSd,spotify:track:4wNIkl5XGiAACjFBlDWuSd,https://api.spotify.com/v1/tracks/4wNIkl5XGiAACjFBlDWuSd,https://api.spotify.com/v1/audio-analysis/4wNIkl5XGiAACjFBlDWuSd,180645,4
64,0.791,0.862,9,-3.24,0,0.11,0.037,2.19e-05,0.0814,0.592,123.994,audio_features,7ef4DlsgrMEH11cDZd32M6,spotify:track:7ef4DlsgrMEH11cDZd32M6,https://api.spotify.com/v1/tracks/7ef4DlsgrMEH11cDZd32M6,https://api.spotify.com/v1/audio-analysis/7ef4DlsgrMEH11cDZd32M6,214847,4
65,0.721,0.738,7,-4.77,1,0.0403,0.00226,4.41e-06,0.118,0.637,119.976,audio_features,4qu63nuBpdn0qHUHuObEj1,spotify:track:4qu63nuBpdn0qHUHuObEj1,https://api.spotify.com/v1/tracks/4qu63nuBpdn0qHUHuObEj1,https://api.spotify.com/v1/audio-analysis/4qu63nuBpdn0qHUHuObEj1,154983,4
66,0.554,0.772,7,-4.821,0,0.0418,0.00487,6.6e-06,0.354,0.455,179.984,audio_features,6F5c58TMEs1byxUstkzVeM,spotify:track:6F5c58TMEs1byxUstkzVeM,https://api.spotify.com/v1/tracks/6F5c58TMEs1byxUstkzVeM,https://api.spotify.com/v1/audio-analysis/6F5c58TMEs1byxUstkzVeM,223546,4
67,0.706,0.643,11,-6.929,0,0.234,0.0242,0.0,0.262,0.885,143.931,audio_features,0yvPEnB032fojLfVluFjUv,spotify:track:0yvPEnB032fojLfVluFjUv,https://api.spotify.com/v1/tracks/0yvPEnB032fojLfVluFjUv,https://api.spotify.com/v1/audio-analysis/0yvPEnB032fojLfVluFjUv,203760,4
68,0.542,0.829,6,-4.266,1,0.0311,0.018,0.000134,0.181,0.643,167.942,audio_features,5l60Z7gXN9MhAyhdZdy3uA,spotify:track:5l60Z7gXN9MhAyhdZdy3uA,https://api.spotify.com/v1/tracks/5l60Z7gXN9MhAyhdZdy3uA,https://api.spotify.com/v1/audio-analysis/5l60Z7gXN9MhAyhdZdy3uA,167233,4
69,0.631,0.927,9,-2.787,0,0.0332,0.199,0.119,0.148,0.465,123.962,audio_features,0azC730Exh71aQlOt9Zj3y,spotify:track:0azC730Exh71aQlOt9Zj3y,https://api.spotify.com/v1/tracks/0azC730Exh71aQlOt9Zj3y,https://api.spotify.com/v1/audio-analysis/0azC730Exh71aQlOt9Zj3y,222160,4
70,0.773,0.758,1,-4.993,1,0.0381,0.0422,0.0,0.305,0.925,144.033,audio_features,6RtPijgfPKROxEzTHNRiDp,spotify:track:6RtPijgfPKROxEzTHNRiDp,https://api.spotify.com/v1/tracks/6RtPijgfPKROxEzTHNRiDp,https://api.spotify.com/v1/audio-analysis/6RtPijgfPKROxEzTHNRiDp,224840,4
71,0.669,0.629,1,-5.018,0,0.0803,0.217,0.0,0.366,0.294,110.865,audio_features,6nACZEZIt1CIBmF09r5Pb5,spotify:track:6nACZEZIt1CIBmF09r5Pb5,https://api.spotify.com/v1/tracks/6nACZEZIt1CIBmF09r5Pb5,https://api.spotify.com/v1/audio-analysis/6nACZEZIt1CIBmF09r5Pb5,178222,4
72,0.608,0.798,6,-5.092,0,0.0432,0.0736,0.0,0.156,0.501,92.943,audio_features,7zsXy7vlHdItvUSH8EwQss,spotify:track:7zsXy7vlHdItvUSH8EwQss,https://api.spotify.com/v1/tracks/7zsXy7vlHdItvUSH8EwQss,https://api.spotify.com/v1/audio-analysis/7zsXy7vlHdItvUSH8EwQss,185360,4
73,0.78,0.68,4,-6.081,1,0.0305,0.141,1.2e-05,0.138,0.594,118.026,audio_features,023OVLNzXhX0j7CxswUt6D,spotify:track:023OVLNzXhX0j7CxswUt6D,https://api.spotify.com/v1/tracks/023OVLNzXhX0j7CxswUt6D,https://api.spotify.com/v1/audio-analysis/023OVLNzXhX0j7CxswUt6D,180560,4
74,0.799,0.586,11,-6.735,1,0.0377,0.162,2.03e-06,0.193,0.549,120.97,audio_features,0am001WwFBVGDGLwRh3ixi,spotify:track:0am001WwFBVGDGLwRh3ixi,https://api.spotify.com/v1/tracks/0am001WwFBVGDGLwRh3ixi,https://api.spotify.com/v1/audio-analysis/0am001WwFBVGDGLwRh3ixi,227833,4
75,0.698,0.869,6,-3.294,1,0.0467,0.0223,0.0,0.121,0.715,125.007,audio_features,0mGJTKRIuCOJtiT4YkJHiv,spotify:track:0mGJTKRIuCOJtiT4YkJHiv,https://api.spotify.com/v1/tracks/0mGJTKRIuCOJtiT4YkJHiv,https://api.spotify.com/v1/audio-analysis/0mGJTKRIuCOJtiT4YkJHiv,203387,4
76,0.56,0.68,6,-7.648,0,0.321,0.555,0.0,0.116,0.319,89.391,audio_features,0d2iYfpKoM0QCKvcLCkBao,spotify:track:0d2iYfpKoM0QCKvcLCkBao,https://api.spotify.com/v1/tracks/0d2iYfpKoM0QCKvcLCkBao,https://api.spotify.com/v1/audio-analysis/0d2iYfpKoM0QCKvcLCkBao,173800,4
77,0.669,0.832,0,-5.721,1,0.0682,0.0106,0.0,0.0968,0.7,113.035,audio_features,1WkMMavIMc4JZ8cfMmxHkI,spotify:track:1WkMMavIMc4JZ8cfMmxHkI,https://api.spotify.com/v1/tracks/1WkMMavIMc4JZ8cfMmxHkI,https://api.spotify.com/v1/audio-analysis/1WkMMavIMc4JZ8cfMmxHkI,237547,4
78,0.514,0.73,1,-5.934,1,0.0598,0.00146,9.54e-05,0.0897,0.334,171.005,audio_features,0VjIjW4GlUZAMYd2vXMi3b,spotify:track:0VjIjW4GlUZAMYd2vXMi3b,https://api.spotify.com/v1/tracks/0VjIjW4GlUZAMYd2vXMi3b,https://api.spotify.com/v1/audio-analysis/0VjIjW4GlUZAMYd2vXMi3b,200040,4
79,0.688,0.702,7,-4.792,0,0.0499,0.0215,0.0,0.128,0.74,94.006,audio_features,6Knv6wdA0luoMUuuoYi2i1,spotify:track:6Knv6wdA0luoMUuuoYi2i1,https://api.spotify.com/v1/tracks/6Knv6wdA0luoMUuuoYi2i1,https://api.spotify.com/v1/audio-analysis/6Knv6wdA0luoMUuuoYi2i1,192191,4
80,0.702,0.777,5,-5.258,0,0.0356,0.179,0.0,0.108,0.427,114.954,audio_features,5QQnZy5qLl2qIiu9aYp20Z,spotify:track:5QQnZy5qLl2qIiu9aYp20Z,https://api.spotify.com/v1/tracks/5QQnZy5qLl2qIiu9aYp20Z,https://api.spotify.com/v1/audio-analysis/5QQnZy5qLl2qIiu9aYp20Z,210783,4
81,0.556,0.785,7,-5.842,1,0.133,0.122,0.0,0.468,0.825,104.978,audio_features,7ciLq0Cip0yxiz6KANrOUq,spotify:track:7ciLq0Cip0yxiz6KANrOUq,https://api.spotify.com/v1/tracks/7ciLq0Cip0yxiz6KANrOUq,https://api.spotify.com/v1/audio-analysis/7ciLq0Cip0yxiz6KANrOUq,231813,4
82,0.721,0.802,1,-5.797,1,0.0583,0.0921,0.0,0.694,0.724,124.022,audio_features,2bJvI42r8EF3wxjOuDav4r,spotify:track:2bJvI42r8EF3wxjOuDav4r,https://api.spotify.com/v1/tracks/2bJvI42r8EF3wxjOuDav4r,https://api.spotify.com/v1/audio-analysis/2bJvI42r8EF3wxjOuDav4r,229360,4
83,0.667,0.613,1,-5.353,1,0.0344,0.403,0.0,0.115,0.47,91.024,audio_features,7soJgKhQTO8hLP2JPRkL5O,spotify:track:7soJgKhQTO8hLP2JPRkL5O,https://api.spotify.com/v1/tracks/7soJgKhQTO8hLP2JPRkL5O,https://api.spotify.com/v1/audio-analysis/7soJgKhQTO8hLP2JPRkL5O,194453,4
84,0.769,0.718,9,-4.039,1,0.0619,0.0656,0.0,0.265,0.757,92.969,audio_features,10e9vFUj8aRJItKhhIsmRT,spotify:track:10e9vFUj8aRJItKhhIsmRT,https://api.spotify.com/v1/tracks/10e9vFUj8aRJItKhhIsmRT,https://api.spotify.com/v1/audio-analysis/10e9vFUj8aRJItKhhIsmRT,157097,4
85,0.623,0.734,9,-5.948,1,0.107,0.0162,1.75e-06,0.145,0.37,107.853,audio_features,63y6xWR4gXz7bnUGOk8iI6,spotify:track:63y6xWR4gXz7bnUGOk8iI6,https://api.spotify.com/v1/tracks/63y6xWR4gXz7bnUGOk8iI6,https://api.spotify.com/v1/audio-analysis/63y6xWR4gXz7bnUGOk8iI6,244453,4
86,0.818,0.803,1,-4.282,1,0.0797,0.034,0.0,0.153,0.632,106.97,audio_features,6b8Be6ljOzmkOmFslEb23P,spotify:track:6b8Be6ljOzmkOmFslEb23P,https://api.spotify.com/v1/tracks/6b8Be6ljOzmkOmFslEb23P,https://api.spotify.com/v1/audio-analysis/6b8Be6ljOzmkOmFslEb23P,225983,4
87,0.588,0.791,7,-5.595,1,0.0402,0.00245,0.00258,0.118,0.487,94.933,audio_features,4D7kxLhSz7siCOw7KA5rQn,spotify:track:4D7kxLhSz7siCOw7KA5rQn,https://api.spotify.com/v1/tracks/4D7kxLhSz7siCOw7KA5rQn,https://api.spotify.com/v1/audio-analysis/4D7kxLhSz7siCOw7KA5rQn,231000,4
88,0.594,0.769,11,-6.754,1,0.0413,0.254,0.000189,0.0941,0.62,91.031,audio_features,1LEy7NUZqXHuc9SE5Xgv5A,spotify:track:1LEy7NUZqXHuc9SE5Xgv5A,https://api.spotify.com/v1/tracks/1LEy7NUZqXHuc9SE5Xgv5A,https://api.spotify.com/v1/audio-analysis/1LEy7NUZqXHuc9SE5Xgv5A,209670,4
89,0.618,0.806,10,-4.651,1,0.0443,0.00137,1.27e-05,0.297,0.683,97.986,audio_features,6JvrOdeiEqWyCta29Xc4mR,spotify:track:6JvrOdeiEqWyCta29Xc4mR,https://api.spotify.com/v1/tracks/6JvrOdeiEqWyCta29Xc4mR,https://api.spotify.com/v1/audio-analysis/6JvrOdeiEqWyCta29Xc4mR,180067,4
90,0.659,0.911,4,-2.28,1,0.0786,0.154,0.000304,0.191,0.576,91.999,audio_features,0Y1MWB026LYxGvhq4EcMiC,spotify:track:0Y1MWB026LYxGvhq4EcMiC,https://api.spotify.com/v1/tracks/0Y1MWB026LYxGvhq4EcMiC,https://api.spotify.com/v1/audio-analysis/0Y1MWB026LYxGvhq4EcMiC,169866,4
91,0.741,0.691,10,-7.395,0,0.0672,0.0221,0.0,0.0476,0.892,150.087,audio_features,5Z9KJZvQzH6PFmb8SNkxuk,spotify:track:5Z9KJZvQzH6PFmb8SNkxuk,https://api.spotify.com/v1/tracks/5Z9KJZvQzH6PFmb8SNkxuk,https://api.spotify.com/v1/audio-analysis/5Z9KJZvQzH6PFmb8SNkxuk,212353,4
92,0.583,0.829,1,-4.603,1,0.134,0.00864,0.0,0.0426,0.575,174.028,audio_features,49FYlytm3dAAraYgpoJZux,spotify:track:49FYlytm3dAAraYgpoJZux,https://api.spotify.com/v1/tracks/49FYlytm3dAAraYgpoJZux,https://api.spotify.com/v1/audio-analysis/49FYlytm3dAAraYgpoJZux,275987,4
93,0.627,0.858,7,-3.116,1,0.0394,0.0288,0.0,0.199,0.399,100.074,audio_features,4r1CoAATVuxag55Ct3Y1aX,spotify:track:4r1CoAATVuxag55Ct3Y1aX,https://api.spotify.com/v1/tracks/4r1CoAATVuxag55Ct3Y1aX,https://api.spotify.com/v1/audio-analysis/4r1CoAATVuxag55Ct3Y1aX,194387,4
94,0.668,0.892,5,-3.001,0,0.0645,0.298,0.0,0.735,0.478,95.927,audio_features,2rjjNUYONZqC7wSd1i6OFq,spotify:track:2rjjNUYONZqC7wSd1i6OFq,https://api.spotify.com/v1/tracks/2rjjNUYONZqC7wSd1i6OFq,https://api.spotify.com/v1/audio-analysis/2rjjNUYONZqC7wSd1i6OFq,159011,4
95,0.777,0.658,0,-5.191,1,0.054,0.0767,0.0,0.0901,0.633,110.048,audio_features,3RauEVgRgj1IuWdJ9fDs70,spotify:track:3RauEVgRgj1IuWdJ9fDs70,https://api.spotify.com/v1/tracks/3RauEVgRgj1IuWdJ9fDs70,https://api.spotify.com/v1/audio-analysis/3RauEVgRgj1IuWdJ9fDs70,190360,4
96,0.726,0.698,5,-4.165,1,0.0431,0.049,0.0,0.309,0.867,143.994,audio_features,3w3y8KPTfNeOKPiqUTakBh,spotify:track:3w3y8KPTfNeOKPiqUTakBh,https://api.spotify.com/v1/tracks/3w3y8KPTfNeOKPiqUTakBh,https://api.spotify.com/v1/audio-analysis/3w3y8KPTfNeOKPiqUTakBh,233478,4
97,0.775,0.68,0,-5.508,0,0.0629,0.00906,0.0,0.109,0.656,114.025,audio_features,7oGZAicScQt96OAW4AruYy,spotify:track:7oGZAicScQt96OAW4AruYy,https://api.spotify.com/v1/tracks/7oGZAicScQt96OAW4AruYy,https://api.spotify.com/v1/audio-analysis/7oGZAicScQt96OAW4AruYy,207719,4
98,0.676,0.771,8,-3.675,1,0.0483,0.0237,7e-06,0.102,0.569,99.048,audio_features,3jjujdWJ72nww5eGnfs2E7,spotify:track:3jjujdWJ72nww5eGnfs2E7,https://api.spotify.com/v1/tracks/3jjujdWJ72nww5eGnfs2E7,https://api.spotify.com/v1/audio-analysis/3jjujdWJ72nww5eGnfs2E7,207133,4
99,0.632,0.595,8,-7.644,0,0.0401,0.0689,0.0,0.209,0.435,124.114,audio_features,6ft4hAq6yde8jPZY2i5zLr,spotify:track:6ft4hAq6yde8jPZY2i5zLr,https://api.spotify.com/v1/tracks/6ft4hAq6yde8jPZY2i5zLr,https://api.spotify.com/v1/audio-analysis/6ft4hAq6yde8jPZY2i5zLr,167903,4
100,0.656,0.627,7,-6.627,0,0.0379,0.343,2.17e-05,0.124,0.481,99.933,audio_features,2TeLIzFBe3hxkPR5FIQZut,spotify:track:2TeLIzFBe3hxkPR5FIQZut,https://api.spotify.com/v1/tracks/2TeLIzFBe3hxkPR5FIQZut,https://api.spotify.com/v1/audio-analysis/2TeLIzFBe3hxkPR5FIQZut,167066,4
101,0.49,0.798,6,-3.66,1,0.0489,0.0137,0.0,0.0627,0.479,149.109,audio_features,7FC9Lng8iXU081lbigu8m8,spotify:track:7FC9Lng8iXU081lbigu8m8,https://api.spotify.com/v1/tracks/7FC9Lng8iXU081lbigu8m8,https://api.spotify.com/v1/audio-analysis/7FC9Lng8iXU081lbigu8m8,198733,4
102,0.641,0.922,2,-4.457,1,0.0786,0.0291,0.0,0.0862,0.847,146.078,audio_features,3bidbhpOYeV4knp8AIu8Xn,spotify:track:3bidbhpOYeV4knp8AIu8Xn,https://api.spotify.com/v1/tracks/3bidbhpOYeV4knp8AIu8Xn,https://api.spotify.com/v1/audio-analysis/3bidbhpOYeV4knp8AIu8Xn,258343,4
103,0.781,0.445,2,-6.061,1,0.0295,0.474,0.0,0.184,0.591,78.998,audio_features,34gCuhDGsG4bRPIf9bb02f,spotify:track:34gCuhDGsG4bRPIf9bb02f,https://api.spotify.com/v1/tracks/34gCuhDGsG4bRPIf9bb02f,https://api.spotify.com/v1/audio-analysis/34gCuhDGsG4bRPIf9bb02f,281560,4
104,0.532,0.783,2,-5.697,1,0.0523,0.0038,0.0012,0.161,0.643,124.08,audio_features,0nrRP2bk19rLc0orkWPQk2,spotify:track:0nrRP2bk19rLc0orkWPQk2,https://api.spotify.com/v1/tracks/0nrRP2bk19rLc0orkWPQk2,https://api.spotify.com/v1/audio-analysis/0nrRP2bk19rLc0orkWPQk2,247427,4
105,0.669,0.832,0,-5.721,1,0.0682,0.0106,0.0,0.0968,0.7,113.035,audio_features,1WkMMavIMc4JZ8cfMmxHkI,spotify:track:1WkMMavIMc4JZ8cfMmxHkI,https://api.spotify.com/v1/tracks/1WkMMavIMc4JZ8cfMmxHkI,https://api.spotify.com/v1/audio-analysis/1WkMMavIMc4JZ8cfMmxHkI,237547,4
106,0.654,0.76,0,-3.669,0,0.045,0.0797,0.0,0.299,0.41,99.945,audio_features,09CtPGIpYB4BrO8qb1RGsF,spotify:track:09CtPGIpYB4BrO8qb1RGsF,https://api.spotify.com/v1/tracks/09CtPGIpYB4BrO8qb1RGsF,https://api.spotify.com/v1/audio-analysis/09CtPGIpYB4BrO8qb1RGsF,200787,4
107,0.262,0.606,8,-6.646,1,0.0484,0.247,0.0,0.125,0.275,189.857,audio_features,3zHq9ouUJQFQRf3cm1rRLu,spotify:track:3zHq9ouUJQFQRf3cm1rRLu,https://api.spotify.com/v1/tracks/3zHq9ouUJQFQRf3cm1rRLu,https://api.spotify.com/v1/audio-analysis/3zHq9ouUJQFQRf3cm1rRLu,252534,4
108,0.628,0.593,8,-5.036,1,0.0323,0.093,1.65e-06,0.096,0.104,125.026,audio_features,7xoUc6faLbCqZO6fQEYprd,spotify:track:7xoUc6faLbCqZO6fQEYprd,https://api.spotify.com/v1/tracks/7xoUc6faLbCqZO6fQEYprd,https://api.spotify.com/v1/audio-analysis/7xoUc6faLbCqZO6fQEYprd,197267,4
109,0.653,0.658,2,-6.428,1,0.0304,0.0215,1.66e-06,0.0939,0.219,99.99,audio_features,72jbDTw1piOOj770jWNeaG,spotify:track:72jbDTw1piOOj770jWNeaG,https://api.spotify.com/v1/tracks/72jbDTw1piOOj770jWNeaG,https://api.spotify.com/v1/audio-analysis/72jbDTw1piOOj770jWNeaG,221507,4
110,0.418,0.42,0,-6.444,1,0.0414,0.588,6.39e-05,0.11,0.184,84.094,audio_features,5Nm9ERjJZ5oyfXZTECKmRt,spotify:track:5Nm9ERjJZ5oyfXZTECKmRt,https://api.spotify.com/v1/tracks/5Nm9ERjJZ5oyfXZTECKmRt,https://api.spotify.com/v1/audio-analysis/5Nm9ERjJZ5oyfXZTECKmRt,172724,4
111,0.585,0.52,5,-6.136,0,0.0712,0.124,7.01e-05,0.131,0.129,159.801,audio_features,0e7ipj03S05BNilyu5bRzt,spotify:track:0e7ipj03S05BNilyu5bRzt,https://api.spotify.com/v1/tracks/0e7ipj03S05BNilyu5bRzt,https://api.spotify.com/v1/audio-analysis/0e7ipj03S05BNilyu5bRzt,218147,4
112,0.799,0.539,1,-6.351,1,0.0421,0.199,1.66e-05,0.165,0.394,136.948,audio_features,5Z3GHaZ6ec9bsiI5BenrbY,spotify:track:5Z3GHaZ6ec9bsiI5BenrbY,https://api.spotify.com/v1/tracks/5Z3GHaZ6ec9bsiI5BenrbY,https://api.spotify.com/v1/audio-analysis/5Z3GHaZ6ec9bsiI5BenrbY,202547,4
113,0.575,0.33,7,-6.557,1,0.031,0.416,0.0,0.0872,0.277,95.801,audio_features,6QfS2wq5sSC1xAJCQsTSlj,spotify:track:6QfS2wq5sSC1xAJCQsTSlj,https://api.spotify.com/v1/tracks/6QfS2wq5sSC1xAJCQsTSlj,https://api.spotify.com/v1/audio-analysis/6QfS2wq5sSC1xAJCQsTSlj,217213,4
114,0.781,0.526,6,-6.986,0,0.293,0.0633,0.0,0.0457,0.665,94.993,audio_features,6CjtS2JZH9RkDz5UVInsa9,spotify:track:6CjtS2JZH9RkDz5UVInsa9,https://api.spotify.com/v1/tracks/6CjtS2JZH9RkDz5UVInsa9,https://api.spotify.com/v1/audio-analysis/6CjtS2JZH9RkDz5UVInsa9,235613,4
115,0.707,0.629,0,-4.581,0,0.0563,0.259,1.6e-05,0.138,0.457,122.863,audio_features,1x5sYLZiu9r5E43kMlt9f8,spotify:track:1x5sYLZiu9r5E43kMlt9f8,https://api.spotify.com/v1/tracks/1x5sYLZiu9r5E43kMlt9f8,https://api.spotify.com/v1/audio-analysis/1x5sYLZiu9r5E43kMlt9f8,212459,4
116,0.866,0.813,11,-4.063,0,0.0554,0.38,0.0,0.0779,0.969,121.998,audio_features,7JJmb5XwzOO8jgpou264Ml,spotify:track:7JJmb5XwzOO8jgpou264Ml,https://api.spotify.com/v1/tracks/7JJmb5XwzOO8jgpou264Ml,https://api.spotify.com/v1/audio-analysis/7JJmb5XwzOO8jgpou264Ml,199440,4
117,0.697,0.683,1,-2.881,0,0.117,0.0372,0.0,0.137,0.603,96.133,audio_features,2BgEsaKNfHUdlh97KmvFyo,spotify:track:2BgEsaKNfHUdlh97KmvFyo,https://api.spotify.com/v1/tracks/2BgEsaKNfHUdlh97KmvFyo,https://api.spotify.com/v1/audio-analysis/2BgEsaKNfHUdlh97KmvFyo,186987,4
118,0.753,0.657,7,-3.061,1,0.0449,0.171,0.0,0.112,0.437,107.01,audio_features,09IStsImFySgyp0pIQdqAc,spotify:track:09IStsImFySgyp0pIQdqAc,https://api.spotify.com/v1/tracks/09IStsImFySgyp0pIQdqAc,https://api.spotify.com/v1/audio-analysis/09IStsImFySgyp0pIQdqAc,184732,4
119,0.73,0.703,0,-5.672,0,0.0369,0.109,0.0,0.0657,0.595,138.113,audio_features,2K87XMYnUMqLcX3zvtAF4G,spotify:track:2K87XMYnUMqLcX3zvtAF4G,https://api.spotify.com/v1/tracks/2K87XMYnUMqLcX3zvtAF4G,https://api.spotify.com/v1/audio-analysis/2K87XMYnUMqLcX3zvtAF4G,192120,4
120,0.842,0.734,1,-5.065,0,0.0588,0.0427,0.0,0.106,0.952,137.958,audio_features,22vgEDb5hykfaTwLuskFGD,spotify:track:22vgEDb5hykfaTwLuskFGD,https://api.spotify.com/v1/tracks/22vgEDb5hykfaTwLuskFGD,https://api.spotify.com/v1/audio-analysis/22vgEDb5hykfaTwLuskFGD,181027,4
121,0.687,0.792,5,-2.749,1,0.0452,0.191,0.0,0.167,0.671,100.015,audio_features,2dpaYNEQHiRxtZbfNsse99,spotify:track:2dpaYNEQHiRxtZbfNsse99,https://api.spotify.com/v1/tracks/2dpaYNEQHiRxtZbfNsse99,https://api.spotify.com/v1/audio-analysis/2dpaYNEQHiRxtZbfNsse99,214290,4
122,0.596,0.854,7,-5.114,0,0.463,0.0169,0.0,0.124,0.152,120.274,audio_features,2iUXsYOEPhVqEBwsqP70rE,spotify:track:2iUXsYOEPhVqEBwsqP70rE,https://api.spotify.com/v1/tracks/2iUXsYOEPhVqEBwsqP70rE,https://api.spotify.com/v1/audio-analysis/2iUXsYOEPhVqEBwsqP70rE,203418,4
123,0.724,0.804,11,-4.614,0,0.0448,0.124,0.0,0.204,0.306,124.987,audio_features,0tBbt8CrmxbjRP0pueQkyU,spotify:track:0tBbt8CrmxbjRP0pueQkyU,https://api.spotify.com/v1/tracks/0tBbt8CrmxbjRP0pueQkyU,https://api.spotify.com/v1/audio-analysis/0tBbt8CrmxbjRP0pueQkyU,197993,4
124,0.753,0.678,5,-5.421,1,0.0644,0.085,1.64e-06,0.13,0.583,96.006,audio_features,1p80LdxRV74UKvL8gnD7ky,spotify:track:1p80LdxRV74UKvL8gnD7ky,https://api.spotify.com/v1/tracks/1p80LdxRV74UKvL8gnD7ky,https://api.spotify.com/v1/audio-analysis/1p80LdxRV74UKvL8gnD7ky,231827,4
125,0.692,0.809,2,-4.198,1,0.0602,0.524,0.0,0.147,0.864,123.911,audio_features,6LsAAHotRLMOHfCsSfYCsz,spotify:track:6LsAAHotRLMOHfCsSfYCsz,https://api.spotify.com/v1/tracks/6LsAAHotRLMOHfCsSfYCsz,https://api.spotify.com/v1/audio-analysis/6LsAAHotRLMOHfCsSfYCsz,190800,4
126,0.703,0.868,7,-4.661,0,0.0291,0.15,0.132,0.104,0.733,121.03,audio_features,1NDxZ7cFAo481dtYWdrUnR,spotify:track:1NDxZ7cFAo481dtYWdrUnR,https://api.spotify.com/v1/tracks/1NDxZ7cFAo481dtYWdrUnR,https://api.spotify.com/v1/audio-analysis/1NDxZ7cFAo481dtYWdrUnR,193613,4
127,0.748,0.524,8,-5.599,1,0.0338,0.414,0.0,0.111,0.661,95.01,audio_features,7BKLCZ1jbUBVqRi2FVlTVw,spotify:track:7BKLCZ1jbUBVqRi2FVlTVw,https://api.spotify.com/v1/tracks/7BKLCZ1jbUBVqRi2FVlTVw,https://api.spotify.com/v1/audio-analysis/7BKLCZ1jbUBVqRi2FVlTVw,244960,4
128,0.726,0.787,4,-2.494,1,0.0737,0.009,0.0,0.0596,0.888,124.99,audio_features,4cluDES4hQEUhmXj6TXkSo,spotify:track:4cluDES4hQEUhmXj6TXkSo,https://api.spotify.com/v1/tracks/4cluDES4hQEUhmXj6TXkSo,https://api.spotify.com/v1/audio-analysis/4cluDES4hQEUhmXj6TXkSo,199987,4
129,0.752,0.505,9,-7.621,1,0.253,0.535,2.55e-06,0.104,0.419,91.97,audio_features,2P91MQbaiQOfbiz9VqhqKQ,spotify:track:2P91MQbaiQOfbiz9VqhqKQ,https://api.spotify.com/v1/tracks/2P91MQbaiQOfbiz9VqhqKQ,https://api.spotify.com/v1/audio-analysis/2P91MQbaiQOfbiz9VqhqKQ,197437,4
130,0.739,0.756,4,-4.828,1,0.0394,0.0136,0.0,0.37,0.523,110.028,audio_features,4P0osvTXoSYZZC2n8IFH3c,spotify:track:4P0osvTXoSYZZC2n8IFH3c,https://api.spotify.com/v1/tracks/4P0osvTXoSYZZC2n8IFH3c,https://api.spotify.com/v1/audio-analysis/4P0osvTXoSYZZC2n8IFH3c,231387,4
131,0.527,0.835,6,-5.298,1,0.0433,0.0166,0.0,0.249,0.654,125.983,audio_features,0ct6r3EGTcMLPtrXHDvVjc,spotify:track:0ct6r3EGTcMLPtrXHDvVjc,https://api.spotify.com/v1/tracks/0ct6r3EGTcMLPtrXHDvVjc,https://api.spotify.com/v1/audio-analysis/0ct6r3EGTcMLPtrXHDvVjc,176658,4
132,0.699,0.529,2,-7.548,1,0.0487,0.0317,3.59e-05,0.285,0.121,119.987,audio_features,3DmW6y7wTEYHJZlLo1r6XJ,spotify:track:3DmW6y7wTEYHJZlLo1r6XJ,https://api.spotify.com/v1/tracks/3DmW6y7wTEYHJZlLo1r6XJ,https://api.spotify.com/v1/audio-analysis/3DmW6y7wTEYHJZlLo1r6XJ,206167,4
133,0.687,0.785,1,-4.65,1,0.0333,0.327,0.0,0.203,0.655,106.046,audio_features,5ZSl6gDoV6bPPxzmLeneV9,spotify:track:5ZSl6gDoV6bPPxzmLeneV9,https://api.spotify.com/v1/tracks/5ZSl6gDoV6bPPxzmLeneV9,https://api.spotify.com/v1/audio-analysis/5ZSl6gDoV6bPPxzmLeneV9,194408,4
134,0.626,0.88,9,-2.384,0,0.0504,0.205,0.0,0.128,0.534,95.079,audio_features,08bNPGLD8AhKpnnERrAc6G,spotify:track:08bNPGLD8AhKpnnERrAc6G,https://api.spotify.com/v1/tracks/08bNPGLD8AhKpnnERrAc6G,https://api.spotify.com/v1/audio-analysis/08bNPGLD8AhKpnnERrAc6G,202621,4
135,0.579,0.904,5,-2.729,1,0.0618,0.193,0.0,0.064,0.681,82.014,audio_features,1rqqCSm0Qe4I9rUvWncaom,spotify:track:1rqqCSm0Qe4I9rUvWncaom,https://api.spotify.com/v1/tracks/1rqqCSm0Qe4I9rUvWncaom,https://api.spotify.com/v1/audio-analysis/1rqqCSm0Qe4I9rUvWncaom,190947,4
136,0.444,0.819,10,-4.078,0,0.341,0.106,0.0,0.107,0.747,82.695,audio_features,3QGsuHI8jO1Rx4JWLUh9jd,spotify:track:3QGsuHI8jO1Rx4JWLUh9jd,https://api.spotify.com/v1/tracks/3QGsuHI8jO1Rx4JWLUh9jd,https://api.spotify.com/v1/audio-analysis/3QGsuHI8jO1Rx4JWLUh9jd,187973,4
137,0.72,0.706,1,-4.719,1,0.0473,0.0684,0.0,0.166,0.62,133.002,audio_features,7DnAm9FOTWE3cUvso43HhI,spotify:track:7DnAm9FOTWE3cUvso43HhI,https://api.spotify.com/v1/tracks/7DnAm9FOTWE3cUvso43HhI,https://api.spotify.com/v1/audio-analysis/7DnAm9FOTWE3cUvso43HhI,187436,4
138,0.567,0.887,3,-4.253,1,0.128,0.0295,6.38e-06,0.297,0.654,126.057,audio_features,02GjIfCpwttPAikjm5Hwcb,spotify:track:02GjIfCpwttPAikjm5Hwcb,https://api.spotify.com/v1/tracks/02GjIfCpwttPAikjm5Hwcb,https://api.spotify.com/v1/audio-analysis/02GjIfCpwttPAikjm5Hwcb,206987,4
139,0.737,0.792,11,-4.117,0,0.0416,0.102,0.0,0.0532,0.543,104.012,audio_features,47OVNnZJzIkrsEiZ4n187p,spotify:track:47OVNnZJzIkrsEiZ4n187p,https://api.spotify.com/v1/tracks/47OVNnZJzIkrsEiZ4n187p,https://api.spotify.com/v1/audio-analysis/47OVNnZJzIkrsEiZ4n187p,184134,4
140,0.607,0.649,11,-6.695,0,0.0362,0.0306,2.46e-05,0.174,0.505,102.996,audio_features,1dNIEtp7AY3oDAKCGg2XkH,spotify:track:1dNIEtp7AY3oDAKCGg2XkH,https://api.spotify.com/v1/tracks/1dNIEtp7AY3oDAKCGg2XkH,https://api.spotify.com/v1/audio-analysis/1dNIEtp7AY3oDAKCGg2XkH,247627,4
141,0.752,0.754,1,-6.684,1,0.0615,0.0151,0.0,0.0486,0.755,149.789,audio_features,5jsw9uXEGuKyJzs0boZ1bT,spotify:track:5jsw9uXEGuKyJzs0boZ1bT,https://api.spotify.com/v1/tracks/5jsw9uXEGuKyJzs0boZ1bT,https://api.spotify.com/v1/audio-analysis/5jsw9uXEGuKyJzs0boZ1bT,206880,4
142,0.646,0.795,9,-3.293,1,0.0976,0.0319,0.0,0.267,0.796,89.99,audio_features,0qOnSQQF0yzuPWsXrQ9paz,spotify:track:0qOnSQQF0yzuPWsXrQ9paz,https://api.spotify.com/v1/tracks/0qOnSQQF0yzuPWsXrQ9paz,https://api.spotify.com/v1/audio-analysis/0qOnSQQF0yzuPWsXrQ9paz,210960,4
143,0.72,0.791,1,-4.689,1,0.124,0.0384,0.0,0.157,0.756,102.071,audio_features,6FE2iI43OZnszFLuLtvvmg,spotify:track:6FE2iI43OZnszFLuLtvvmg,https://api.spotify.com/v1/tracks/6FE2iI43OZnszFLuLtvvmg,https://api.spotify.com/v1/audio-analysis/6FE2iI43OZnszFLuLtvvmg,175427,4
144,0.61,0.83,0,-4.105,1,0.0571,0.033,0.0,0.118,0.728,182.162,audio_features,2Rk4JlNc2TPmZe2af99d45,spotify:track:2Rk4JlNc2TPmZe2af99d45,https://api.spotify.com/v1/tracks/2Rk4JlNc2TPmZe2af99d45,https://api.spotify.com/v1/audio-analysis/2Rk4JlNc2TPmZe2af99d45,193000,4
145,0.775,0.613,3,-4.586,0,0.0542,0.109,2.33e-05,0.134,0.797,100.066,audio_features,5cF0dROlMOK5uNZtivgu50,spotify:track:5cF0dROlMOK5uNZtivgu50,https://api.spotify.com/v1/tracks/5cF0dROlMOK5uNZtivgu50,https://api.spotify.com/v1/audio-analysis/5cF0dROlMOK5uNZtivgu50,208787,4
146,0.694,0.712,7,-3.923,0,0.046,0.132,0.0,0.211,0.799,98.023,audio_features,1rIKgCH4H52lrvDcz50hS8,spotify:track:1rIKgCH4H52lrvDcz50hS8,https://api.spotify.com/v1/tracks/1rIKgCH4H52lrvDcz50hS8,https://api.spotify.com/v1/audio-analysis/1rIKgCH4H52lrvDcz50hS8,201122,4
147,0.69,0.622,5,-5.025,0,0.0622,0.253,0.0,0.116,0.544,102.04,audio_features,6uBhi9gBXWjanegOb2Phh0,spotify:track:6uBhi9gBXWjanegOb2Phh0,https://api.spotify.com/v1/tracks/6uBhi9gBXWjanegOb2Phh0,https://api.spotify.com/v1/audio-analysis/6uBhi9gBXWjanegOb2Phh0,210091,4
148,0.77,0.882,8,-4.792,1,0.0602,0.194,0.0,0.316,0.385,99.991,audio_features,5PYQUBXc7NYeI1obMKSJK0,spotify:track:5PYQUBXc7NYeI1obMKSJK0,https://api.spotify.com/v1/tracks/5PYQUBXc7NYeI1obMKSJK0,https://api.spotify.com/v1/audio-analysis/5PYQUBXc7NYeI1obMKSJK0,223523,4
149,0.776,0.875,4,-5.535,1,0.0575,0.0343,0.0,0.314,0.849,111.988,audio_features,6rmXhRIemCTPyMYZRDN7Qg,spotify:track:6rmXhRIemCTPyMYZRDN7Qg,https://api.spotify.com/v1/tracks/6rmXhRIemCTPyMYZRDN7Qg,https://api.spotify.com/v1/audio-analysis/6rmXhRIemCTPyMYZRDN7Qg,211786,4
150,0.647,0.785,7,-5.414,1,0.165,0.0561,0.0,0.148,0.943,160.015,audio_features,5xTtaWoae3wi06K5WfVUUH,spotify:track:5xTtaWoae3wi06K5WfVUUH,https://api.spotify.com/v1/tracks/5xTtaWoae3wi06K5WfVUUH,https://api.spotify.com/v1/audio-analysis/5xTtaWoae3wi06K5WfVUUH,219200,4
151,0.578,0.866,1,-3.804,1,0.0619,0.00701,0.0,0.257,0.619,128.038,audio_features,4kbj5MwxO1bq9wjT5g9HaA,spotify:track:4kbj5MwxO1bq9wjT5g9HaA,https://api.spotify.com/v1/tracks/4kbj5MwxO1bq9wjT5g9HaA,https://api.spotify.com/v1/audio-analysis/4kbj5MwxO1bq9wjT5g9HaA,199080,4
152,0.536,0.768,10,-5.948,0,0.0347,0.00433,0.0,0.114,0.545,77.217,audio_features,2Bs4jQEGMycglOfWPBqrVG,spotify:track:2Bs4jQEGMycglOfWPBqrVG,https://api.spotify.com/v1/tracks/2Bs4jQEGMycglOfWPBqrVG,https://api.spotify.com/v1/audio-analysis/2Bs4jQEGMycglOfWPBqrVG,228133,4
153,0.798,0.675,6,-5.041,1,0.0442,0.0912,0.0,0.0894,0.842,101.956,audio_features,3HVWdVOQ0ZA45FuZGSfvns,spotify:track:3HVWdVOQ0ZA45FuZGSfvns,https://api.spotify.com/v1/tracks/3HVWdVOQ0ZA45FuZGSfvns,https://api.spotify.com/v1/audio-analysis/3HVWdVOQ0ZA45FuZGSfvns,219947,4
154,0.664,0.705,1,-4.972,0,0.0382,0.0654,0.0,0.115,0.477,122.017,audio_features,6sy3LkhNFjJWlaeSMNwQ62,spotify:track:6sy3LkhNFjJWlaeSMNwQ62,https://api.spotify.com/v1/tracks/6sy3LkhNFjJWlaeSMNwQ62,https://api.spotify.com/v1/audio-analysis/6sy3LkhNFjJWlaeSMNwQ62,257840,4
155,0.742,0.713,1,-5.522,0,0.0303,0.0205,0.0,0.059,0.879,120.032,audio_features,4gbVRS8gloEluzf0GzDOFc,spotify:track:4gbVRS8gloEluzf0GzDOFc,https://api.spotify.com/v1/tracks/4gbVRS8gloEluzf0GzDOFc,https://api.spotify.com/v1/audio-analysis/4gbVRS8gloEluzf0GzDOFc,189960,4
156,0.504,0.785,8,-4.802,1,0.104,0.0738,0.0,0.239,0.502,173.968,audio_features,1V6gIisPpYqgFeWbMLI0bA,spotify:track:1V6gIisPpYqgFeWbMLI0bA,https://api.spotify.com/v1/tracks/1V6gIisPpYqgFeWbMLI0bA,https://api.spotify.com/v1/audio-analysis/1V6gIisPpYqgFeWbMLI0bA,210840,4
157,0.762,0.7,9,-6.021,0,0.0694,0.00261,1.56e-05,0.153,0.608,116.073,audio_features,2ekn2ttSfGqwhhate0LSR0,spotify:track:2ekn2ttSfGqwhhate0LSR0,https://api.spotify.com/v1/tracks/2ekn2ttSfGqwhhate0LSR0,https://api.spotify.com/v1/audio-analysis/2ekn2ttSfGqwhhate0LSR0,209320,4
158,0.528,0.511,3,-8.144,1,0.0324,0.126,0.0,0.101,0.351,100.1,audio_features,3g0mEQx3NTanacLseoP0Gw,spotify:track:3g0mEQx3NTanacLseoP0Gw,https://api.spotify.com/v1/tracks/3g0mEQx3NTanacLseoP0Gw,https://api.spotify.com/v1/audio-analysis/3g0mEQx3NTanacLseoP0Gw,209880,4
159,0.652,0.877,1,-2.986,1,0.0465,0.0227,0.0,0.0789,0.486,118.491,audio_features,5T7ZFtCcOgkpjxcuaeZbw0,spotify:track:5T7ZFtCcOgkpjxcuaeZbw0,https://api.spotify.com/v1/tracks/5T7ZFtCcOgkpjxcuaeZbw0,https://api.spotify.com/v1/audio-analysis/5T7ZFtCcOgkpjxcuaeZbw0,200107,4
160,0.622,0.469,3,-6.798,0,0.0363,0.00454,2.25e-06,0.0335,0.679,77.019,audio_features,6FB3v4YcR57y4tXFcdxI1E,spotify:track:6FB3v4YcR57y4tXFcdxI1E,https://api.spotify.com/v1/tracks/6FB3v4YcR57y4tXFcdxI1E,https://api.spotify.com/v1/audio-analysis/6FB3v4YcR57y4tXFcdxI1E,219720,4
161,0.624,0.876,9,-3.374,1,0.1,0.0735,0.0,0.327,0.781,99.943,audio_features,0afhq8XCExXpqazXczTSve,spotify:track:0afhq8XCExXpqazXczTSve,https://api.spotify.com/v1/tracks/0afhq8XCExXpqazXczTSve,https://api.spotify.com/v1/audio-analysis/0afhq8XCExXpqazXczTSve,170827,4
162,0.783,0.58,7,-6.548,1,0.0408,0.0114,2.28e-06,0.108,0.66,120.021,audio_features,3TGRqZ0a2l1LRblBkJoaDx,spotify:track:3TGRqZ0a2l1LRblBkJoaDx,https://api.spotify.com/v1/tracks/3TGRqZ0a2l1LRblBkJoaDx,https://api.spotify.com/v1/audio-analysis/3TGRqZ0a2l1LRblBkJoaDx,193400,4
163,0.319,0.739,0,-5.74,1,0.272,0.0285,0.0,0.111,0.449,194.169,audio_features,42ydLwx4i5V49RXHOozJZq,spotify:track:42ydLwx4i5V49RXHOozJZq,https://api.spotify.com/v1/tracks/42ydLwx4i5V49RXHOozJZq,https://api.spotify.com/v1/audio-analysis/42ydLwx4i5V49RXHOozJZq,230227,4
164,0.6,0.663,3,-5.802,1,0.0477,0.225,0.0,0.119,0.286,121.07,audio_features,4nVBt6MZDDP6tRVdQTgxJg,spotify:track:4nVBt6MZDDP6tRVdQTgxJg,https://api.spotify.com/v1/tracks/4nVBt6MZDDP6tRVdQTgxJg,https://api.spotify.com/v1/audio-analysis/4nVBt6MZDDP6tRVdQTgxJg,245493,4
165,0.279,0.742,4,-6.46,0,0.0898,0.000185,0.0,0.593,0.328,189.868,audio_features,2bL2gyO6kBdLkNSkxXNh6x,spotify:track:2bL2gyO6kBdLkNSkxXNh6x,https://api.spotify.com/v1/tracks/2bL2gyO6kBdLkNSkxXNh6x,https://api.spotify.com/v1/audio-analysis/2bL2gyO6kBdLkNSkxXNh6x,231013,4
166,0.72,0.763,9,-4.068,0,0.0523,0.406,0.0,0.18,0.742,101.965,audio_features,5knuzwU65gJK7IF5yJsuaW,spotify:track:5knuzwU65gJK7IF5yJsuaW,https://api.spotify.com/v1/tracks/5knuzwU65gJK7IF5yJsuaW,https://api.spotify.com/v1/audio-analysis/5knuzwU65gJK7IF5yJsuaW,251088,4
167,0.65,0.802,7,-6.114,1,0.181,0.0871,6.54e-06,0.148,0.295,170.146,audio_features,273dCMFseLcVsoSWx59IoE,spotify:track:273dCMFseLcVsoSWx59IoE,https://api.spotify.com/v1/tracks/273dCMFseLcVsoSWx59IoE,https://api.spotify.com/v1/audio-analysis/273dCMFseLcVsoSWx59IoE,211933,4
168,0.64,0.648,5,-8.113,0,0.187,0.124,0.0,0.0802,0.548,92.977,audio_features,4evmHXcjt3bTUHD1cvny97,spotify:track:4evmHXcjt3bTUHD1cvny97,https://api.spotify.com/v1/tracks/4evmHXcjt3bTUHD1cvny97,https://api.spotify.com/v1/audio-analysis/4evmHXcjt3bTUHD1cvny97,197867,4
169,0.645,0.862,11,-4.761,0,0.0845,0.0933,0.0,0.193,0.803,119.947,audio_features,4a9tbd947vo9K8Vti9JwcI,spotify:track:4a9tbd947vo9K8Vti9JwcI,https://api.spotify.com/v1/tracks/4a9tbd947vo9K8Vti9JwcI,https://api.spotify.com/v1/audio-analysis/4a9tbd947vo9K8Vti9JwcI,229773,4
170,0.581,0.963,11,-4.087,1,0.0981,0.0295,0.0,0.139,0.788,129.992,audio_features,3cHyrEgdyYRjgJKSOiOtcS,spotify:track:3cHyrEgdyYRjgJKSOiOtcS,https://api.spotify.com/v1/tracks/3cHyrEgdyYRjgJKSOiOtcS,https://api.spotify.com/v1/audio-analysis/3cHyrEgdyYRjgJKSOiOtcS,204160,4
171,0.759,0.548,9,-6.049,0,0.029,0.0392,0.0,0.0828,0.749,116.967,audio_features,6v3KW9xbzN5yKLt9YKDYA2,spotify:track:6v3KW9xbzN5yKLt9YKDYA2,https://api.spotify.com/v1/tracks/6v3KW9xbzN5yKLt9YKDYA2,https://api.spotify.com/v1/audio-analysis/6v3KW9xbzN5yKLt9YKDYA2,190800,4
172,0.664,0.708,8,-4.154,1,0.0474,0.0337,0.0,0.0841,0.742,103.07,audio_features,5Gu0PDLN4YJeW75PpBSg9p,spotify:track:5Gu0PDLN4YJeW75PpBSg9p,https://api.spotify.com/v1/tracks/5Gu0PDLN4YJeW75PpBSg9p,https://api.spotify.com/v1/audio-analysis/5Gu0PDLN4YJeW75PpBSg9p,174800,4
173,0.773,0.747,5,-4.061,1,0.0885,0.0242,8.99e-06,0.109,0.801,126.014,audio_features,0ErK6K0kYr0Ow2RkPMhmMs,spotify:track:0ErK6K0kYr0Ow2RkPMhmMs,https://api.spotify.com/v1/tracks/0ErK6K0kYr0Ow2RkPMhmMs,https://api.spotify.com/v1/audio-analysis/0ErK6K0kYr0Ow2RkPMhmMs,246240,4
174,0.774,0.753,4,-5.446,0,0.0517,0.152,0.0,0.0371,0.896,119.002,audio_features,76hfruVvmfQbw0eYn1nmeC,spotify:track:76hfruVvmfQbw0eYn1nmeC,https://api.spotify.com/v1/tracks/76hfruVvmfQbw0eYn1nmeC,https://api.spotify.com/v1/audio-analysis/76hfruVvmfQbw0eYn1nmeC,219147,4
175,0.59,0.642,7,-3.87,1,0.122,0.0771,0.0,0.105,0.651,107.356,audio_features,0qc4QlcCxVTGyShurEv1UU,spotify:track:0qc4QlcCxVTGyShurEv1UU,https://api.spotify.com/v1/tracks/0qc4QlcCxVTGyShurEv1UU,https://api.spotify.com/v1/audio-analysis/0qc4QlcCxVTGyShurEv1UU,174444,4
176,0.575,0.571,1,-7.906,1,0.0439,0.0558,0.0,0.0912,0.449,105.049,audio_features,4NBTZtAt1F13VvlSKe6KTl,spotify:track:4NBTZtAt1F13VvlSKe6KTl,https://api.spotify.com/v1/tracks/4NBTZtAt1F13VvlSKe6KTl,https://api.spotify.com/v1/audio-analysis/4NBTZtAt1F13VvlSKe6KTl,197947,4
177,0.794,0.793,11,-4.521,0,0.0842,0.0125,0.0,0.0952,0.677,123.941,audio_features,6WrI0LAC5M1Rw2MnX2ZvEg,spotify:track:6WrI0LAC5M1Rw2MnX2ZvEg,https://api.spotify.com/v1/tracks/6WrI0LAC5M1Rw2MnX2ZvEg,https://api.spotify.com/v1/audio-analysis/6WrI0LAC5M1Rw2MnX2ZvEg,183290,4
178,0.846,0.734,2,-3.601,1,0.108,0.286,8.27e-05,0.425,0.717,90.98,audio_features,6ZtiywT2Qm50a1uR0jlY35,spotify:track:6ZtiywT2Qm50a1uR0jlY35,https://api.spotify.com/v1/tracks/6ZtiywT2Qm50a1uR0jlY35,https://api.spotify.com/v1/audio-analysis/6ZtiywT2Qm50a1uR0jlY35,207761,4
179,0.649,0.815,3,-3.796,0,0.0415,0.00125,4.31e-05,0.671,0.765,126.03,audio_features,455AfCsOhhLPRc68sE01D8,spotify:track:455AfCsOhhLPRc68sE01D8,https://api.spotify.com/v1/tracks/455AfCsOhhLPRc68sE01D8,https://api.spotify.com/v1/audio-analysis/455AfCsOhhLPRc68sE01D8,230747,4
180,0.748,0.788,1,-7.055,1,0.0334,0.0591,0.0,0.0863,0.884,120.076,audio_features,2iuZJX9X9P0GKaE93xcPjk,spotify:track:2iuZJX9X9P0GKaE93xcPjk,https://api.spotify.com/v1/tracks/2iuZJX9X9P0GKaE93xcPjk,https://api.spotify.com/v1/audio-analysis/2iuZJX9X9P0GKaE93xcPjk,235493,4
181,0.548,0.816,0,-4.209,1,0.0465,0.122,0.0,0.335,0.557,95.39,audio_features,6UelLqGlWMcVH1E5c4H7lY,spotify:track:6UelLqGlWMcVH1E5c4H7lY,https://api.spotify.com/v1/tracks/6UelLqGlWMcVH1E5c4H7lY,https://api.spotify.com/v1/audio-analysis/6UelLqGlWMcVH1E5c4H7lY,174000,4
182,0.755,0.792,4,-3.697,1,0.0817,0.00462,0.0,0.0307,0.868,119.982,audio_features,4lYKuF88iTBrppJoq03ujE,spotify:track:4lYKuF88iTBrppJoq03ujE,https://api.spotify.com/v1/tracks/4lYKuF88iTBrppJoq03ujE,https://api.spotify.com/v1/audio-analysis/4lYKuF88iTBrppJoq03ujE,202627,4
183,0.739,0.619,10,-6.669,1,0.162,0.0572,0.0,0.105,0.58,112.961,audio_features,5lNuqFVMca4vPupY10cH0J,spotify:track:5lNuqFVMca4vPupY10cH0J,https://api.spotify.com/v1/tracks/5lNuqFVMca4vPupY10cH0J,https://api.spotify.com/v1/audio-analysis/5lNuqFVMca4vPupY10cH0J,222787,4
184,0.684,0.619,10,-7.005,1,0.0386,0.0716,0.0,0.122,0.284,125.046,audio_features,630sXRhIcfwr2e4RdNtjKN,spotify:track:630sXRhIcfwr2e4RdNtjKN,https://api.spotify.com/v1/tracks/630sXRhIcfwr2e4RdNtjKN,https://api.spotify.com/v1/audio-analysis/630sXRhIcfwr2e4RdNtjKN,217440,4
185,0.662,0.858,2,-4.844,1,0.0428,0.00163,0.0,0.0456,0.295,133.993,audio_features,6Pgkp4qUoTmJIPn7ReaGxL,spotify:track:6Pgkp4qUoTmJIPn7ReaGxL,https://api.spotify.com/v1/tracks/6Pgkp4qUoTmJIPn7ReaGxL,https://api.spotify.com/v1/audio-analysis/6Pgkp4qUoTmJIPn7ReaGxL,181673,4
186,0.646,0.741,5,-4.973,0,0.034,0.0275,0.0,0.312,0.571,123.077,audio_features,6h5PAsRni4IRlxWr6uDPTP,spotify:track:6h5PAsRni4IRlxWr6uDPTP,https://api.spotify.com/v1/tracks/6h5PAsRni4IRlxWr6uDPTP,https://api.spotify.com/v1/audio-analysis/6h5PAsRni4IRlxWr6uDPTP,203000,4
187,0.6,0.683,6,-6.271,1,0.0493,0.0984,1.26e-06,0.11,0.494,102.036,audio_features,514rhnksEwHUh6LxXsQ4Y9,spotify:track:514rhnksEwHUh6LxXsQ4Y9,https://api.spotify.com/v1/tracks/514rhnksEwHUh6LxXsQ4Y9,https://api.spotify.com/v1/audio-analysis/514rhnksEwHUh6LxXsQ4Y9,210240,4
188,0.775,0.327,11,-7.241,1,0.0557,0.841,0.0,0.0821,0.595,91.05,audio_features,4cktbXiXOapiLBMprHFErI,spotify:track:4cktbXiXOapiLBMprHFErI,https://api.spotify.com/v1/tracks/4cktbXiXOapiLBMprHFErI,https://api.spotify.com/v1/audio-analysis/4cktbXiXOapiLBMprHFErI,189486,4
189,0.728,0.859,5,-5.237,0,0.137,0.0401,0.0,0.111,0.535,65.043,audio_features,6epn3r7S14KUqlReYr77hA,spotify:track:6epn3r7S14KUqlReYr77hA,https://api.spotify.com/v1/tracks/6epn3r7S14KUqlReYr77hA,https://api.spotify.com/v1/audio-analysis/6epn3r7S14KUqlReYr77hA,214240,4
190,0.579,0.736,6,-3.863,0,0.0527,0.31,0.0,0.198,0.613,127.999,audio_features,2P4OICZRVAQcYAV2JReRfj,spotify:track:2P4OICZRVAQcYAV2JReRfj,https://api.spotify.com/v1/tracks/2P4OICZRVAQcYAV2JReRfj,https://api.spotify.com/v1/audio-analysis/2P4OICZRVAQcYAV2JReRfj,230613,4
191,0.836,0.544,7,-5.975,1,0.0943,0.0403,0.0,0.0824,0.51,97.028,audio_features,76cy1WJvNGJTj78UqeA5zr,spotify:track:76cy1WJvNGJTj78UqeA5zr,https://api.spotify.com/v1/tracks/76cy1WJvNGJTj78UqeA5zr,https://api.spotify.com/v1/audio-analysis/76cy1WJvNGJTj78UqeA5zr,217947,4
192,0.791,0.565,5,-3.933,0,0.0439,0.0623,0.0,0.156,0.181,99.961,audio_features,5icOoE6VgqFKohjWWNp0Ac,spotify:track:5icOoE6VgqFKohjWWNp0Ac,https://api.spotify.com/v1/tracks/5icOoE6VgqFKohjWWNp0Ac,https://api.spotify.com/v1/audio-analysis/5icOoE6VgqFKohjWWNp0Ac,156347,4
193,0.509,0.671,1,-5.709,1,0.0678,0.304,0.0,0.0452,0.55,118.413,audio_features,7x5xYW5W42OGPAdHUyyguy,spotify:track:7x5xYW5W42OGPAdHUyyguy,https://api.spotify.com/v1/tracks/7x5xYW5W42OGPAdHUyyguy,https://api.spotify.com/v1/audio-analysis/7x5xYW5W42OGPAdHUyyguy,227480,5
194,0.62,0.805,5,-5.538,1,0.0417,0.00564,9.15e-05,0.285,0.586,122.062,audio_features,2hHLbkatPwOOmrNxTiD41L,spotify:track:2hHLbkatPwOOmrNxTiD41L,https://api.spotify.com/v1/tracks/2hHLbkatPwOOmrNxTiD41L,https://api.spotify.com/v1/audio-analysis/2hHLbkatPwOOmrNxTiD41L,204764,4
195,0.501,0.519,4,-5.88,0,0.0409,0.109,0.0,0.454,0.168,133.99,audio_features,23L5CiUhw2jV1OIMwthR3S,spotify:track:23L5CiUhw2jV1OIMwthR3S,https://api.spotify.com/v1/tracks/23L5CiUhw2jV1OIMwthR3S,https://api.spotify.com/v1/audio-analysis/23L5CiUhw2jV1OIMwthR3S,195707,4
196,0.687,0.702,7,-5.324,0,0.0455,0.0064,4.35e-05,0.204,0.284,129.956,audio_features,12KUFSHFgT0XCoiSlvdQi4,spotify:track:12KUFSHFgT0XCoiSlvdQi4,https://api.spotify.com/v1/tracks/12KUFSHFgT0XCoiSlvdQi4,https://api.spotify.com/v1/audio-analysis/12KUFSHFgT0XCoiSlvdQi4,214840,4
197,0.728,0.563,1,-8.053,0,0.134,0.621,0.0,0.179,0.352,100.017,audio_features,37FXw5QGFN7uwwsLy8uAc0,spotify:track:37FXw5QGFN7uwwsLy8uAc0,https://api.spotify.com/v1/tracks/37FXw5QGFN7uwwsLy8uAc0,https://api.spotify.com/v1/audio-analysis/37FXw5QGFN7uwwsLy8uAc0,217707,4
198,0.592,0.8,6,-4.931,0,0.215,0.0561,2.01e-06,0.0775,0.728,89.972,audio_features,6b3b7lILUJqXcp6w9wNQSm,spotify:track:6b3b7lILUJqXcp6w9wNQSm,https://api.spotify.com/v1/tracks/6b3b7lILUJqXcp6w9wNQSm,https://api.spotify.com/v1/audio-analysis/6b3b7lILUJqXcp6w9wNQSm,224813,4
199,0.722,0.851,7,-3.873,0,0.0639,0.0319,0.0,0.108,0.452,126.885,audio_features,5yDL13y5giogKs2fSNf7sj,spotify:track:5yDL13y5giogKs2fSNf7sj,https://api.spotify.com/v1/tracks/5yDL13y5giogKs2fSNf7sj,https://api.spotify.com/v1/audio-analysis/5yDL13y5giogKs2fSNf7sj,197936,4
200,0.737,0.636,11,-4.546,0,0.0437,0.0441,6.66e-05,0.35,0.565,105.005,audio_features,6kPJZM97LwdG9QIsT7khp6,spotify:track:6kPJZM97LwdG9QIsT7khp6,https://api.spotify.com/v1/tracks/6kPJZM97LwdG9QIsT7khp6,https://api.spotify.com/v1/audio-analysis/6kPJZM97LwdG9QIsT7khp6,222653,4
201,0.681,0.657,6,-4.671,1,0.0432,0.0748,0.0,0.353,0.628,130.089,audio_features,2Xnv3GntqbBH1juvUYSpHG,spotify:track:2Xnv3GntqbBH1juvUYSpHG,https://api.spotify.com/v1/tracks/2Xnv3GntqbBH1juvUYSpHG,https://api.spotify.com/v1/audio-analysis/2Xnv3GntqbBH1juvUYSpHG,183027,4
202,0.561,0.965,7,-3.673,0,0.0343,0.00383,7.07e-06,0.371,0.304,128.04,audio_features,4uUG5RXrOk84mYEfFvj3cK,spotify:track:4uUG5RXrOk84mYEfFvj3cK,https://api.spotify.com/v1/tracks/4uUG5RXrOk84mYEfFvj3cK,https://api.spotify.com/v1/audio-analysis/4uUG5RXrOk84mYEfFvj3cK,175238,4
203,0.753,0.657,7,-3.061,1,0.0449,0.171,0.0,0.112,0.437,107.01,audio_features,09IStsImFySgyp0pIQdqAc,spotify:track:09IStsImFySgyp0pIQdqAc,https://api.spotify.com/v1/tracks/09IStsImFySgyp0pIQdqAc,https://api.spotify.com/v1/audio-analysis/09IStsImFySgyp0pIQdqAc,184732,4
204,0.748,0.524,8,-5.599,1,0.0338,0.414,0.0,0.111,0.661,95.01,audio_features,7BKLCZ1jbUBVqRi2FVlTVw,spotify:track:7BKLCZ1jbUBVqRi2FVlTVw,https://api.spotify.com/v1/tracks/7BKLCZ1jbUBVqRi2FVlTVw,https://api.spotify.com/v1/audio-analysis/7BKLCZ1jbUBVqRi2FVlTVw,244960,4
205,0.527,0.835,6,-5.298,1,0.0433,0.0166,0.0,0.249,0.654,125.983,audio_features,0ct6r3EGTcMLPtrXHDvVjc,spotify:track:0ct6r3EGTcMLPtrXHDvVjc,https://api.spotify.com/v1/tracks/0ct6r3EGTcMLPtrXHDvVjc,https://api.spotify.com/v1/audio-analysis/0ct6r3EGTcMLPtrXHDvVjc,176658,4
206,0.687,0.785,1,-4.65,1,0.0333,0.327,0.0,0.203,0.655,106.046,audio_features,5ZSl6gDoV6bPPxzmLeneV9,spotify:track:5ZSl6gDoV6bPPxzmLeneV9,https://api.spotify.com/v1/tracks/5ZSl6gDoV6bPPxzmLeneV9,https://api.spotify.com/v1/audio-analysis/5ZSl6gDoV6bPPxzmLeneV9,194408,4
207,0.595,0.784,1,-4.878,1,0.102,0.216,0.0,0.0608,0.479,124.111,audio_features,5K6Ssv4Z3zRvxt0P6EKUAP,spotify:track:5K6Ssv4Z3zRvxt0P6EKUAP,https://api.spotify.com/v1/tracks/5K6Ssv4Z3zRvxt0P6EKUAP,https://api.spotify.com/v1/audio-analysis/5K6Ssv4Z3zRvxt0P6EKUAP,183726,4
208,0.702,0.825,6,-3.787,0,0.0601,0.00883,0.0,0.0674,0.915,102.977,audio_features,463CkQjx2Zk1yXoBuierM9,spotify:track:463CkQjx2Zk1yXoBuierM9,https://api.spotify.com/v1/tracks/463CkQjx2Zk1yXoBuierM9,https://api.spotify.com/v1/audio-analysis/463CkQjx2Zk1yXoBuierM9,203064,4
209,0.743,0.837,1,-5.025,0,0.0649,0.0172,0.0,0.0743,0.263,103.072,audio_features,0zzVTGyRrWpQu8Fr28NRAv,spotify:track:0zzVTGyRrWpQu8Fr28NRAv,https://api.spotify.com/v1/tracks/0zzVTGyRrWpQu8Fr28NRAv,https://api.spotify.com/v1/audio-analysis/0zzVTGyRrWpQu8Fr28NRAv,159863,4
210,0.637,0.69,1,-4.057,0,0.0405,0.00786,0.0,0.124,0.457,129.857,audio_features,7a53HqqArd4b9NF4XAmlbI,spotify:track:7a53HqqArd4b9NF4XAmlbI,https://api.spotify.com/v1/tracks/7a53HqqArd4b9NF4XAmlbI,https://api.spotify.com/v1/audio-analysis/7a53HqqArd4b9NF4XAmlbI,162399,4
211,0.585,0.696,4,-5.6,0,0.0307,0.204,0.0,0.344,0.522,104.01,audio_features,2oejEp50ZzPuQTQ6v54Evp,spotify:track:2oejEp50ZzPuQTQ6v54Evp,https://api.spotify.com/v1/tracks/2oejEp50ZzPuQTQ6v54Evp,https://api.spotify.com/v1/audio-analysis/2oejEp50ZzPuQTQ6v54Evp,217640,4
212,0.69,0.622,5,-5.025,0,0.0622,0.253,0.0,0.116,0.544,102.04,audio_features,6uBhi9gBXWjanegOb2Phh0,spotify:track:6uBhi9gBXWjanegOb2Phh0,https://api.spotify.com/v1/tracks/6uBhi9gBXWjanegOb2Phh0,https://api.spotify.com/v1/audio-analysis/6uBhi9gBXWjanegOb2Phh0,210091,4
213,0.77,0.882,8,-4.792,1,0.0602,0.194,0.0,0.316,0.385,99.991,audio_features,5PYQUBXc7NYeI1obMKSJK0,spotify:track:5PYQUBXc7NYeI1obMKSJK0,https://api.spotify.com/v1/tracks/5PYQUBXc7NYeI1obMKSJK0,https://api.spotify.com/v1/audio-analysis/5PYQUBXc7NYeI1obMKSJK0,223523,4
214,0.779,0.705,0,-3.895,1,0.0344,0.369,7.91e-06,0.124,0.946,101.022,audio_features,27u7t9d7ZQoyjsCROHuZJ3,spotify:track:27u7t9d7ZQoyjsCROHuZJ3,https://api.spotify.com/v1/tracks/27u7t9d7ZQoyjsCROHuZJ3,https://api.spotify.com/v1/audio-analysis/27u7t9d7ZQoyjsCROHuZJ3,178374,4
215,0.733,0.886,2,-1.856,0,0.0426,0.0481,1.81e-06,0.191,0.696,126.031,audio_features,73QyyUMMvtNELmULI4FOsp,spotify:track:73QyyUMMvtNELmULI4FOsp,https://api.spotify.com/v1/tracks/73QyyUMMvtNELmULI4FOsp,https://api.spotify.com/v1/audio-analysis/73QyyUMMvtNELmULI4FOsp,175435,4
216,0.664,0.708,8,-4.154,1,0.0474,0.0337,0.0,0.0841,0.742,103.07,audio_features,5Gu0PDLN4YJeW75PpBSg9p,spotify:track:5Gu0PDLN4YJeW75PpBSg9p,https://api.spotify.com/v1/tracks/5Gu0PDLN4YJeW75PpBSg9p,https://api.spotify.com/v1/audio-analysis/5Gu0PDLN4YJeW75PpBSg9p,174800,4
217,0.617,0.635,11,-6.769,0,0.0317,0.0498,1.44e-05,0.164,0.446,103.019,audio_features,6RUKPb4LETWmmr3iAEQktW,spotify:track:6RUKPb4LETWmmr3iAEQktW,https://api.spotify.com/v1/tracks/6RUKPb4LETWmmr3iAEQktW,https://api.spotify.com/v1/audio-analysis/6RUKPb4LETWmmr3iAEQktW,247160,4
218,0.59,0.642,7,-3.87,1,0.122,0.0771,0.0,0.105,0.651,107.356,audio_features,0qc4QlcCxVTGyShurEv1UU,spotify:track:0qc4QlcCxVTGyShurEv1UU,https://api.spotify.com/v1/tracks/0qc4QlcCxVTGyShurEv1UU,https://api.spotify.com/v1/audio-analysis/0qc4QlcCxVTGyShurEv1UU,174444,4
219,0.532,0.783,2,-5.697,1,0.0523,0.0038,0.0012,0.161,0.643,124.08,audio_features,0nrRP2bk19rLc0orkWPQk2,spotify:track:0nrRP2bk19rLc0orkWPQk2,https://api.spotify.com/v1/tracks/0nrRP2bk19rLc0orkWPQk2,https://api.spotify.com/v1/audio-analysis/0nrRP2bk19rLc0orkWPQk2,247427,4
220,0.614,0.934,9,-3.709,0,0.07,0.0697,0.0,0.121,0.436,116.001,audio_features,1KixkQVDUHggZMU9dUobgm,spotify:track:1KixkQVDUHggZMU9dUobgm,https://api.spotify.com/v1/tracks/1KixkQVDUHggZMU9dUobgm,https://api.spotify.com/v1/audio-analysis/1KixkQVDUHggZMU9dUobgm,174760,4
221,0.672,0.855,9,-3.764,1,0.0397,0.021,0.0,0.323,0.646,123.056,audio_features,24ySl2hOPGCDcxBxFIqWBu,spotify:track:24ySl2hOPGCDcxBxFIqWBu,https://api.spotify.com/v1/tracks/24ySl2hOPGCDcxBxFIqWBu,https://api.spotify.com/v1/audio-analysis/24ySl2hOPGCDcxBxFIqWBu,182200,4
222,0.791,0.565,5,-3.933,0,0.0439,0.0623,0.0,0.156,0.181,99.961,audio_features,5icOoE6VgqFKohjWWNp0Ac,spotify:track:5icOoE6VgqFKohjWWNp0Ac,https://api.spotify.com/v1/tracks/5icOoE6VgqFKohjWWNp0Ac,https://api.spotify.com/v1/audio-analysis/5icOoE6VgqFKohjWWNp0Ac,156347,4
223,0.685,0.886,0,-4.179,1,0.034,0.028,0.0,0.481,0.615,125.034,audio_features,5902W4uHWzhtOff1UK7the,spotify:track:5902W4uHWzhtOff1UK7the,https://api.spotify.com/v1/tracks/5902W4uHWzhtOff1UK7the,https://api.spotify.com/v1/audio-analysis/5902W4uHWzhtOff1UK7the,161267,4
224,0.528,0.511,3,-8.144,1,0.0324,0.126,0.0,0.101,0.351,100.1,audio_features,3g0mEQx3NTanacLseoP0Gw,spotify:track:3g0mEQx3NTanacLseoP0Gw,https://api.spotify.com/v1/tracks/3g0mEQx3NTanacLseoP0Gw,https://api.spotify.com/v1/audio-analysis/3g0mEQx3NTanacLseoP0Gw,209880,4
225,0.737,0.636,11,-4.546,0,0.0437,0.0441,6.66e-05,0.35,0.565,105.005,audio_features,6kPJZM97LwdG9QIsT7khp6,spotify:track:6kPJZM97LwdG9QIsT7khp6,https://api.spotify.com/v1/tracks/6kPJZM97LwdG9QIsT7khp6,https://api.spotify.com/v1/audio-analysis/6kPJZM97LwdG9QIsT7khp6,222653,4
226,0.73,0.861,1,-4.1,1,0.0451,0.39,0.0,0.213,0.704,117.965,audio_features,3P3pw6C19j31Rnzgo3JG7o,spotify:track:3P3pw6C19j31Rnzgo3JG7o,https://api.spotify.com/v1/tracks/3P3pw6C19j31Rnzgo3JG7o,https://api.spotify.com/v1/audio-analysis/3P3pw6C19j31Rnzgo3JG7o,196613,4
227,0.732,0.85,1,-5.999,1,0.0444,0.114,2.02e-06,0.0388,0.372,124.024,audio_features,2wenGTypSYHXl1sN1pNC7X,spotify:track:2wenGTypSYHXl1sN1pNC7X,https://api.spotify.com/v1/tracks/2wenGTypSYHXl1sN1pNC7X,https://api.spotify.com/v1/audio-analysis/2wenGTypSYHXl1sN1pNC7X,193548,4
228,0.579,0.736,6,-3.863,0,0.0527,0.31,0.0,0.198,0.613,127.999,audio_features,2P4OICZRVAQcYAV2JReRfj,spotify:track:2P4OICZRVAQcYAV2JReRfj,https://api.spotify.com/v1/tracks/2P4OICZRVAQcYAV2JReRfj,https://api.spotify.com/v1/audio-analysis/2P4OICZRVAQcYAV2JReRfj,230613,4
229,0.649,0.716,8,-5.371,1,0.0349,0.0863,2.63e-05,0.135,0.163,99.988,audio_features,0lYBSQXN6rCTvUZvg9S0lU,spotify:track:0lYBSQXN6rCTvUZvg9S0lU,https://api.spotify.com/v1/tracks/0lYBSQXN6rCTvUZvg9S0lU,https://api.spotify.com/v1/audio-analysis/0lYBSQXN6rCTvUZvg9S0lU,205947,4
230,0.503,0.741,4,-5.128,1,0.047,0.579,1.49e-06,0.0712,0.458,88.335,audio_features,4keoy2fqgwGnbWlm3ZVZFa,spotify:track:4keoy2fqgwGnbWlm3ZVZFa,https://api.spotify.com/v1/tracks/4keoy2fqgwGnbWlm3ZVZFa,https://api.spotify.com/v1/audio-analysis/4keoy2fqgwGnbWlm3ZVZFa,207030,3
231,0.58,0.586,1,-6.883,1,0.0357,0.344,0.0,0.0755,0.507,147.988,audio_features,1sgDyuLooyvEML4oHspNza,spotify:track:1sgDyuLooyvEML4oHspNza,https://api.spotify.com/v1/tracks/1sgDyuLooyvEML4oHspNza,https://api.spotify.com/v1/audio-analysis/1sgDyuLooyvEML4oHspNza,199549,4
232,0.532,0.869,11,-5.094,1,0.172,0.157,0.00508,0.136,0.422,159.803,audio_features,1i1fxkWeaMmKEB4T7zqbzK,spotify:track:1i1fxkWeaMmKEB4T7zqbzK,https://api.spotify.com/v1/tracks/1i1fxkWeaMmKEB4T7zqbzK,https://api.spotify.com/v1/audio-analysis/1i1fxkWeaMmKEB4T7zqbzK,208373,4
233,0.654,0.76,0,-3.669,0,0.045,0.0797,0.0,0.299,0.41,99.945,audio_features,09CtPGIpYB4BrO8qb1RGsF,spotify:track:09CtPGIpYB4BrO8qb1RGsF,https://api.spotify.com/v1/tracks/09CtPGIpYB4BrO8qb1RGsF,https://api.spotify.com/v1/audio-analysis/09CtPGIpYB4BrO8qb1RGsF,200787,4
234,0.791,0.862,9,-3.24,0,0.11,0.037,2.19e-05,0.0814,0.592,123.994,audio_features,7ef4DlsgrMEH11cDZd32M6,spotify:track:7ef4DlsgrMEH11cDZd32M6,https://api.spotify.com/v1/tracks/7ef4DlsgrMEH11cDZd32M6,https://api.spotify.com/v1/audio-analysis/7ef4DlsgrMEH11cDZd32M6,214847,4
235,0.673,0.659,3,-4.493,0,0.0439,0.539,0.0,0.129,0.628,88.011,audio_features,28VbwtsYnj85UEODGpQRem,spotify:track:28VbwtsYnj85UEODGpQRem,https://api.spotify.com/v1/tracks/28VbwtsYnj85UEODGpQRem,https://api.spotify.com/v1/audio-analysis/28VbwtsYnj85UEODGpQRem,179053,4
236,0.748,0.916,6,-2.634,1,0.0583,0.102,0.0,0.0653,0.518,122.036,audio_features,6f807x0ima9a1j3VPbc7VN,spotify:track:6f807x0ima9a1j3VPbc7VN,https://api.spotify.com/v1/tracks/6f807x0ima9a1j3VPbc7VN,https://api.spotify.com/v1/audio-analysis/6f807x0ima9a1j3VPbc7VN,194754,4
237,0.674,0.881,9,-2.853,1,0.147,0.296,3.01e-06,0.0793,0.234,98.994,audio_features,5WHTFyqSii0lmT9R21abT8,spotify:track:5WHTFyqSii0lmT9R21abT8,https://api.spotify.com/v1/tracks/5WHTFyqSii0lmT9R21abT8,https://api.spotify.com/v1/audio-analysis/5WHTFyqSii0lmT9R21abT8,178480,4
238,0.64,0.533,0,-6.596,1,0.0706,0.119,0.0,0.0864,0.515,99.968,audio_features,12GEpg2XOPyqk03JZEZnJs,spotify:track:12GEpg2XOPyqk03JZEZnJs,https://api.spotify.com/v1/tracks/12GEpg2XOPyqk03JZEZnJs,https://api.spotify.com/v1/audio-analysis/12GEpg2XOPyqk03JZEZnJs,220781,4
239,0.604,0.788,0,-3.673,0,0.103,0.0678,0.153,0.127,0.301,126.06,audio_features,0lHAMNU8RGiIObScrsRgmP,spotify:track:0lHAMNU8RGiIObScrsRgmP,https://api.spotify.com/v1/tracks/0lHAMNU8RGiIObScrsRgmP,https://api.spotify.com/v1/audio-analysis/0lHAMNU8RGiIObScrsRgmP,245040,4
240,0.671,0.782,6,-4.593,1,0.0341,0.0142,0.00221,0.333,0.618,123.989,audio_features,0siYMEsGrzzzlWLXK5zJfS,spotify:track:0siYMEsGrzzzlWLXK5zJfS,https://api.spotify.com/v1/tracks/0siYMEsGrzzzlWLXK5zJfS,https://api.spotify.com/v1/audio-analysis/0siYMEsGrzzzlWLXK5zJfS,178088,4
241,0.631,0.927,9,-2.787,0,0.0332,0.199,0.119,0.148,0.465,123.962,audio_features,0azC730Exh71aQlOt9Zj3y,spotify:track:0azC730Exh71aQlOt9Zj3y,https://api.spotify.com/v1/tracks/0azC730Exh71aQlOt9Zj3y,https://api.spotify.com/v1/audio-analysis/0azC730Exh71aQlOt9Zj3y,222160,4
242,0.799,0.586,11,-6.735,1,0.0377,0.162,2.03e-06,0.193,0.549,120.97,audio_features,3s4U7OHV7gnj42VV72eSZ6,spotify:track:3s4U7OHV7gnj42VV72eSZ6,https://api.spotify.com/v1/tracks/3s4U7OHV7gnj42VV72eSZ6,https://api.spotify.com/v1/audio-analysis/3s4U7OHV7gnj42VV72eSZ6,227833,4
243,0.842,0.801,8,-4.167,0,0.228,0.157,4.82e-06,0.0642,0.617,95.881,audio_features,4w8niZpiMy6qz1mntFA5uM,spotify:track:4w8niZpiMy6qz1mntFA5uM,https://api.spotify.com/v1/tracks/4w8niZpiMy6qz1mntFA5uM,https://api.spotify.com/v1/audio-analysis/4w8niZpiMy6qz1mntFA5uM,212500,4
244,0.584,0.54,1,-7.786,0,0.0576,0.0895,0.0,0.261,0.195,137.972,audio_features,3ebXMykcMXOcLeJ9xZ17XH,spotify:track:3ebXMykcMXOcLeJ9xZ17XH,https://api.spotify.com/v1/tracks/3ebXMykcMXOcLeJ9xZ17XH,https://api.spotify.com/v1/audio-analysis/3ebXMykcMXOcLeJ9xZ17XH,220883,4
245,0.676,0.786,1,-4.529,1,0.0478,0.197,0.0,0.0943,0.483,125.983,audio_features,0DmAvNCAK08oCi7miSZUIY,spotify:track:0DmAvNCAK08oCi7miSZUIY,https://api.spotify.com/v1/tracks/0DmAvNCAK08oCi7miSZUIY,https://api.spotify.com/v1/audio-analysis/0DmAvNCAK08oCi7miSZUIY,218359,4
246,0.646,0.823,2,-4.123,0,0.0394,0.213,0.0,0.322,0.418,128.035,audio_features,7MmG8p0F9N3C4AXdK6o6Eb,spotify:track:7MmG8p0F9N3C4AXdK6o6Eb,https://api.spotify.com/v1/tracks/7MmG8p0F9N3C4AXdK6o6Eb,https://api.spotify.com/v1/audio-analysis/7MmG8p0F9N3C4AXdK6o6Eb,227267,4
247,0.509,0.781,8,-3.48,1,0.072,0.0398,0.0,0.0749,0.176,128.0,audio_features,60wwxj6Dd9NJlirf84wr2c,spotify:track:60wwxj6Dd9NJlirf84wr2c,https://api.spotify.com/v1/tracks/60wwxj6Dd9NJlirf84wr2c,https://api.spotify.com/v1/audio-analysis/60wwxj6Dd9NJlirf84wr2c,271427,4
248,0.596,0.915,4,-4.711,1,0.0682,0.0949,1.7e-06,0.12,0.629,120.024,audio_features,1DlczmjByrS4qxRVfGjpqN,spotify:track:1DlczmjByrS4qxRVfGjpqN,https://api.spotify.com/v1/tracks/1DlczmjByrS4qxRVfGjpqN,https://api.spotify.com/v1/audio-analysis/1DlczmjByrS4qxRVfGjpqN,224908,4
249,0.503,0.748,5,-4.124,1,0.0619,0.0305,0.0,0.343,0.356,125.896,audio_features,3zU9rdflI65tK4dkkNSp77,spotify:track:3zU9rdflI65tK4dkkNSp77,https://api.spotify.com/v1/tracks/3zU9rdflI65tK4dkkNSp77,https://api.spotify.com/v1/audio-analysis/3zU9rdflI65tK4dkkNSp77,210013,4
250,0.734,0.874,8,-3.158,1,0.0662,0.168,1.14e-05,0.0489,0.905,122.953,audio_features,6cx06DFPPHchuUAcTxznu9,spotify:track:6cx06DFPPHchuUAcTxznu9,https://api.spotify.com/v1/tracks/6cx06DFPPHchuUAcTxznu9,https://api.spotify.com/v1/audio-analysis/6cx06DFPPHchuUAcTxznu9,166028,4
251,0.612,0.862,8,-2.903,1,0.037,0.041,0.0,0.0907,0.354,123.849,audio_features,4laAKIq9ZxBCwf99rauPYb,spotify:track:4laAKIq9ZxBCwf99rauPYb,https://api.spotify.com/v1/tracks/4laAKIq9ZxBCwf99rauPYb,https://api.spotify.com/v1/audio-analysis/4laAKIq9ZxBCwf99rauPYb,160766,4
252,0.601,0.713,4,-3.758,0,0.0449,0.0282,0.0,0.158,0.464,122.872,audio_features,1WCEAGGRD066z2Q89ObXTq,spotify:track:1WCEAGGRD066z2Q89ObXTq,https://api.spotify.com/v1/tracks/1WCEAGGRD066z2Q89ObXTq,https://api.spotify.com/v1/audio-analysis/1WCEAGGRD066z2Q89ObXTq,169756,4
253,0.727,0.77,5,-5.915,1,0.0419,0.0764,5.38e-06,0.155,0.542,125.99,audio_features,1zgV7obuDgU0DEaNCmPw8u,spotify:track:1zgV7obuDgU0DEaNCmPw8u,https://api.spotify.com/v1/tracks/1zgV7obuDgU0DEaNCmPw8u,https://api.spotify.com/v1/audio-analysis/1zgV7obuDgU0DEaNCmPw8u,188825,4
254,0.717,0.671,0,-5.077,0,0.0337,0.0018,2.54e-06,0.0921,0.699,110.054,audio_features,6f5ExP43esnvdKPddwKXJH,spotify:track:6f5ExP43esnvdKPddwKXJH,https://api.spotify.com/v1/tracks/6f5ExP43esnvdKPddwKXJH,https://api.spotify.com/v1/audio-analysis/6f5ExP43esnvdKPddwKXJH,160657,4
255,0.647,0.726,3,-4.389,0,0.0552,0.157,0.0,0.0844,0.767,114.996,audio_features,3M9Apu4OZfylLTFKvgEtKa,spotify:track:3M9Apu4OZfylLTFKvgEtKa,https://api.spotify.com/v1/tracks/3M9Apu4OZfylLTFKvgEtKa,https://api.spotify.com/v1/audio-analysis/3M9Apu4OZfylLTFKvgEtKa,198996,4
256,0.787,0.833,8,-4.403,1,0.0478,0.018,0.00747,0.0374,0.796,123.97,audio_features,6Dy1jexKYriXAVG6evyUTJ,spotify:track:6Dy1jexKYriXAVG6evyUTJ,https://api.spotify.com/v1/tracks/6Dy1jexKYriXAVG6evyUTJ,https://api.spotify.com/v1/audio-analysis/6Dy1jexKYriXAVG6evyUTJ,162604,4
257,0.632,0.595,8,-7.644,0,0.0401,0.0689,0.0,0.209,0.435,124.114,audio_features,6ft4hAq6yde8jPZY2i5zLr,spotify:track:6ft4hAq6yde8jPZY2i5zLr,https://api.spotify.com/v1/tracks/6ft4hAq6yde8jPZY2i5zLr,https://api.spotify.com/v1/audio-analysis/6ft4hAq6yde8jPZY2i5zLr,167903,4
258,0.695,0.781,7,-5.578,0,0.0452,0.0185,3.12e-05,0.295,0.456,124.04,audio_features,4xMbBESczlHPUO8QeYi56p,spotify:track:4xMbBESczlHPUO8QeYi56p,https://api.spotify.com/v1/tracks/4xMbBESczlHPUO8QeYi56p,https://api.spotify.com/v1/audio-analysis/4xMbBESczlHPUO8QeYi56p,148960,4
259,0.739,0.586,10,-5.079,0,0.0472,0.0245,0.000252,0.308,0.444,124.026,audio_features,1bgKMxPQU7JIZEhNsM1vFs,spotify:track:1bgKMxPQU7JIZEhNsM1vFs,https://api.spotify.com/v1/tracks/1bgKMxPQU7JIZEhNsM1vFs,https://api.spotify.com/v1/audio-analysis/1bgKMxPQU7JIZEhNsM1vFs,142677,4
260,0.7,0.872,10,-5.896,1,0.0666,0.121,7.08e-06,0.103,0.761,125.03,audio_features,7FjZU7XFs7P9jHI9Z0yRhK,spotify:track:7FjZU7XFs7P9jHI9Z0yRhK,https://api.spotify.com/v1/tracks/7FjZU7XFs7P9jHI9Z0yRhK,https://api.spotify.com/v1/audio-analysis/7FjZU7XFs7P9jHI9Z0yRhK,190302,4
261,0.733,0.96,7,-3.597,1,0.0295,0.0514,0.00199,0.287,0.811,124.01,audio_features,0vR2rIVORmgeKiGIgNT0fV,spotify:track:0vR2rIVORmgeKiGIgNT0fV,https://api.spotify.com/v1/tracks/0vR2rIVORmgeKiGIgNT0fV,https://api.spotify.com/v1/audio-analysis/0vR2rIVORmgeKiGIgNT0fV,189672,4
262,0.747,0.833,3,-2.867,0,0.045,0.374,0.0,0.0586,0.687,128.008,audio_features,4vvnuJlgBeNVwq3TNmLMNX,spotify:track:4vvnuJlgBeNVwq3TNmLMNX,https://api.spotify.com/v1/tracks/4vvnuJlgBeNVwq3TNmLMNX,https://api.spotify.com/v1/audio-analysis/4vvnuJlgBeNVwq3TNmLMNX,215760,4
263,0.744,0.828,2,-5.911,1,0.0289,0.0646,1.4e-05,0.0858,0.579,124.029,audio_features,59zbXPD0j7JxsVVm480g3b,spotify:track:59zbXPD0j7JxsVVm480g3b,https://api.spotify.com/v1/tracks/59zbXPD0j7JxsVVm480g3b,https://api.spotify.com/v1/audio-analysis/59zbXPD0j7JxsVVm480g3b,127766,4
264,0.659,0.615,11,-5.865,0,0.0644,0.27,0.0,0.187,0.193,119.843,audio_features,4GSDkZt7GcmzBWmsMcpaVO,spotify:track:4GSDkZt7GcmzBWmsMcpaVO,https://api.spotify.com/v1/tracks/4GSDkZt7GcmzBWmsMcpaVO,https://api.spotify.com/v1/audio-analysis/4GSDkZt7GcmzBWmsMcpaVO,164010,4
265,0.545,0.78,7,-4.867,0,0.0436,0.0309,4.64e-05,0.0828,0.458,125.014,audio_features,4lhqb6JvbHId48OUJGwymk,spotify:track:4lhqb6JvbHId48OUJGwymk,https://api.spotify.com/v1/tracks/4lhqb6JvbHId48OUJGwymk,https://api.spotify.com/v1/audio-analysis/4lhqb6JvbHId48OUJGwymk,255093,4
266,0.761,0.739,6,-3.591,1,0.0369,0.178,3.35e-06,0.23,0.656,118.997,audio_features,79wbJeLkXOlJh4AzaWCWfL,spotify:track:79wbJeLkXOlJh4AzaWCWfL,https://api.spotify.com/v1/tracks/79wbJeLkXOlJh4AzaWCWfL,https://api.spotify.com/v1/audio-analysis/79wbJeLkXOlJh4AzaWCWfL,213436,4
267,0.693,0.678,8,-7.159,1,0.0324,0.0151,5.71e-06,0.101,0.404,103.952,audio_features,6oJ6le65B3SEqPwMRNXWjY,spotify:track:6oJ6le65B3SEqPwMRNXWjY,https://api.spotify.com/v1/tracks/6oJ6le65B3SEqPwMRNXWjY,https://api.spotify.com/v1/audio-analysis/6oJ6le65B3SEqPwMRNXWjY,228267,4
268,0.763,0.782,7,-4.541,0,0.0346,0.182,7.08e-06,0.293,0.502,127.034,audio_features,3sa06xVNmLLYIxdNNmVQN8,spotify:track:3sa06xVNmLLYIxdNNmVQN8,https://api.spotify.com/v1/tracks/3sa06xVNmLLYIxdNNmVQN8,https://api.spotify.com/v1/audio-analysis/3sa06xVNmLLYIxdNNmVQN8,177689,4
269,0.671,0.636,6,-8.117,0,0.103,0.515,0.000411,0.172,0.262,120.966,audio_features,3uUuGVFu1V7jTQL60S1r8z,spotify:track:3uUuGVFu1V7jTQL60S1r8z,https://api.spotify.com/v1/tracks/3uUuGVFu1V7jTQL60S1r8z,https://api.spotify.com/v1/audio-analysis/3uUuGVFu1V7jTQL60S1r8z,148197,4
270,0.723,0.809,7,-3.081,0,0.0625,0.00346,0.00123,0.565,0.274,98.007,audio_features,1Lim1Py7xBgbAkAys3AGAG,spotify:track:1Lim1Py7xBgbAkAys3AGAG,https://api.spotify.com/v1/tracks/1Lim1Py7xBgbAkAys3AGAG,https://api.spotify.com/v1/audio-analysis/1Lim1Py7xBgbAkAys3AGAG,176561,4
271,0.752,0.764,1,-4.399,1,0.038,0.0476,9.44e-05,0.0543,0.582,121.958,audio_features,21RzyxY3EFaxVy6K4RqaU9,spotify:track:21RzyxY3EFaxVy6K4RqaU9,https://api.spotify.com/v1/tracks/21RzyxY3EFaxVy6K4RqaU9,https://api.spotify.com/v1/audio-analysis/21RzyxY3EFaxVy6K4RqaU9,163216,4
272,0.754,0.763,7,-4.627,0,0.0435,0.0301,2.23e-05,0.0901,0.464,117.953,audio_features,18asYwWugKjjsihZ0YvRxO,spotify:track:18asYwWugKjjsihZ0YvRxO,https://api.spotify.com/v1/tracks/18asYwWugKjjsihZ0YvRxO,https://api.spotify.com/v1/audio-analysis/18asYwWugKjjsihZ0YvRxO,164819,4
273,0.57,0.797,1,-5.514,0,0.0416,0.361,0.0,0.155,0.227,124.035,audio_features,3Ni9jLlq3xPoOKv1HYlQrH,spotify:track:3Ni9jLlq3xPoOKv1HYlQrH,https://api.spotify.com/v1/tracks/3Ni9jLlq3xPoOKv1HYlQrH,https://api.spotify.com/v1/audio-analysis/3Ni9jLlq3xPoOKv1HYlQrH,215648,4
274,0.691,0.695,0,-5.6,1,0.0367,0.0592,0.0,0.0647,0.514,106.064,audio_features,2cc8Sw1OnCuA5bV8nqWqpE,spotify:track:2cc8Sw1OnCuA5bV8nqWqpE,https://api.spotify.com/v1/tracks/2cc8Sw1OnCuA5bV8nqWqpE,https://api.spotify.com/v1/audio-analysis/2cc8Sw1OnCuA5bV8nqWqpE,233386,4
275,0.612,0.84,11,-3.145,0,0.0509,0.112,0.0,0.116,0.438,129.042,audio_features,2V65y3PX4DkRhy1djlxd9p,spotify:track:2V65y3PX4DkRhy1djlxd9p,https://api.spotify.com/v1/tracks/2V65y3PX4DkRhy1djlxd9p,https://api.spotify.com/v1/audio-analysis/2V65y3PX4DkRhy1djlxd9p,212862,4
276,0.591,0.705,9,-6.519,0,0.079,0.381,0.000116,0.131,0.27,121.799,audio_features,3y3brCCecHC3Db18aIOnny,spotify:track:3y3brCCecHC3Db18aIOnny,https://api.spotify.com/v1/tracks/3y3brCCecHC3Db18aIOnny,https://api.spotify.com/v1/audio-analysis/3y3brCCecHC3Db18aIOnny,215316,4
277,0.733,0.859,9,-5.03,0,0.033,0.479,0.0645,0.105,0.52,124.948,audio_features,1D2Aldrksl9yWWCIPOeDzy,spotify:track:1D2Aldrksl9yWWCIPOeDzy,https://api.spotify.com/v1/tracks/1D2Aldrksl9yWWCIPOeDzy,https://api.spotify.com/v1/audio-analysis/1D2Aldrksl9yWWCIPOeDzy,147840,4
278,0.682,0.7,6,-5.591,1,0.0397,0.406,0.0,0.174,0.637,120.03,audio_features,7C1trmcQQ5n5RNy4l6ziCv,spotify:track:7C1trmcQQ5n5RNy4l6ziCv,https://api.spotify.com/v1/tracks/7C1trmcQQ5n5RNy4l6ziCv,https://api.spotify.com/v1/audio-analysis/7C1trmcQQ5n5RNy4l6ziCv,186878,4
279,0.824,0.862,2,-3.424,1,0.126,0.0076,0.000132,0.303,0.801,122.98,audio_features,4cG7HUWYHBV6R6tHn1gxrl,spotify:track:4cG7HUWYHBV6R6tHn1gxrl,https://api.spotify.com/v1/tracks/4cG7HUWYHBV6R6tHn1gxrl,https://api.spotify.com/v1/audio-analysis/4cG7HUWYHBV6R6tHn1gxrl,169153,4
280,0.506,0.805,1,-4.119,1,0.0469,0.00711,0.00193,0.0856,0.383,126.008,audio_features,46lFttIf5hnUZMGvjK0Wxo,spotify:track:46lFttIf5hnUZMGvjK0Wxo,https://api.spotify.com/v1/tracks/46lFttIf5hnUZMGvjK0Wxo,https://api.spotify.com/v1/audio-analysis/46lFttIf5hnUZMGvjK0Wxo,227074,4
281,0.689,0.695,11,-5.22,1,0.0429,0.019,0.0,0.123,0.359,75.05,audio_features,55sgQENF3LY1sUcJUwasLl,spotify:track:55sgQENF3LY1sUcJUwasLl,https://api.spotify.com/v1/tracks/55sgQENF3LY1sUcJUwasLl,https://api.spotify.com/v1/audio-analysis/55sgQENF3LY1sUcJUwasLl,168253,4
282,0.588,0.67,0,-6.439,1,0.0473,0.0104,3.33e-06,0.338,0.505,118.159,audio_features,5N4erncE7kuUccm7zEmwzk,spotify:track:5N4erncE7kuUccm7zEmwzk,https://api.spotify.com/v1/tracks/5N4erncE7kuUccm7zEmwzk,https://api.spotify.com/v1/audio-analysis/5N4erncE7kuUccm7zEmwzk,238173,4
283,0.601,0.794,7,-5.844,0,0.0671,0.00987,1.36e-06,0.388,0.244,114.066,audio_features,27rdGxbavYJeBphck5MZAF,spotify:track:27rdGxbavYJeBphck5MZAF,https://api.spotify.com/v1/tracks/27rdGxbavYJeBphck5MZAF,https://api.spotify.com/v1/audio-analysis/27rdGxbavYJeBphck5MZAF,217467,4
284,0.717,0.91,6,-3.39,0,0.0554,0.00262,0.00194,0.0589,0.682,119.999,audio_features,0zg8u9UUlvwSvBJYEjhgDT,spotify:track:0zg8u9UUlvwSvBJYEjhgDT,https://api.spotify.com/v1/tracks/0zg8u9UUlvwSvBJYEjhgDT,https://api.spotify.com/v1/audio-analysis/0zg8u9UUlvwSvBJYEjhgDT,214000,4
285,0.68,0.85,10,-2.785,1,0.0661,0.207,1.98e-06,0.339,0.71,124.942,audio_features,1qp0ptMXNg9hqLH8sk7cc2,spotify:track:1qp0ptMXNg9hqLH8sk7cc2,https://api.spotify.com/v1/tracks/1qp0ptMXNg9hqLH8sk7cc2,https://api.spotify.com/v1/audio-analysis/1qp0ptMXNg9hqLH8sk7cc2,202213,4
286,0.677,0.766,6,-6.896,1,0.0568,0.0219,6.81e-06,0.129,0.198,123.062,audio_features,51Of5p3lKZeOg6itfs4og4,spotify:track:51Of5p3lKZeOg6itfs4og4,https://api.spotify.com/v1/tracks/51Of5p3lKZeOg6itfs4og4,https://api.spotify.com/v1/audio-analysis/51Of5p3lKZeOg6itfs4og4,190488,4
287,0.596,0.738,8,-3.109,1,0.0411,0.109,0.0,0.0947,0.461,127.961,audio_features,2QtJA4gbwe1AcanB2p21aP,spotify:track:2QtJA4gbwe1AcanB2p21aP,https://api.spotify.com/v1/tracks/2QtJA4gbwe1AcanB2p21aP,https://api.spotify.com/v1/audio-analysis/2QtJA4gbwe1AcanB2p21aP,217347,4
288,0.887,0.531,7,-5.389,1,0.121,0.0159,0.0,0.634,0.772,117.056,audio_features,1R7WcoUBGKJY15HGQxb62G,spotify:track:1R7WcoUBGKJY15HGQxb62G,https://api.spotify.com/v1/tracks/1R7WcoUBGKJY15HGQxb62G,https://api.spotify.com/v1/audio-analysis/1R7WcoUBGKJY15HGQxb62G,148015,4
289,0.598,0.526,10,-8.659,0,0.0415,0.129,0.0,0.14,0.529,123.935,audio_features,7CHi4DtfK4heMlQaudCuHK,spotify:track:7CHi4DtfK4heMlQaudCuHK,https://api.spotify.com/v1/tracks/7CHi4DtfK4heMlQaudCuHK,https://api.spotify.com/v1/audio-analysis/7CHi4DtfK4heMlQaudCuHK,168387,4
290,0.789,0.72,8,-5.652,0,0.218,0.223,0.0,0.129,0.664,122.031,audio_features,3H7ihDc1dqLriiWXwsc2po,spotify:track:3H7ihDc1dqLriiWXwsc2po,https://api.spotify.com/v1/tracks/3H7ihDc1dqLriiWXwsc2po,https://api.spotify.com/v1/audio-analysis/3H7ihDc1dqLriiWXwsc2po,166794,4
291,0.779,0.763,5,-5.58,0,0.34,0.035,1.65e-06,0.112,0.869,119.94,audio_features,7ElC7VjUNl3oJ20Q5OpEh9,spotify:track:7ElC7VjUNl3oJ20Q5OpEh9,https://api.spotify.com/v1/tracks/7ElC7VjUNl3oJ20Q5OpEh9,https://api.spotify.com/v1/audio-analysis/7ElC7VjUNl3oJ20Q5OpEh9,153167,4
292,0.795,0.8,1,-6.32,1,0.0309,0.0354,7.25e-05,0.0915,0.934,116.032,audio_features,7rglLriMNBPAyuJOMGwi39,spotify:track:7rglLriMNBPAyuJOMGwi39,https://api.spotify.com/v1/tracks/7rglLriMNBPAyuJOMGwi39,https://api.spotify.com/v1/audio-analysis/7rglLriMNBPAyuJOMGwi39,202735,4
293,0.68,0.942,9,-4.208,1,0.0631,0.175,0.0013,0.117,0.647,123.976,audio_features,5s7xgzXtmY4gMjeSlgisjy,spotify:track:5s7xgzXtmY4gMjeSlgisjy,https://api.spotify.com/v1/tracks/5s7xgzXtmY4gMjeSlgisjy,https://api.spotify.com/v1/audio-analysis/5s7xgzXtmY4gMjeSlgisjy,229813,4
294,0.879,0.665,11,-6.082,0,0.145,0.164,0.0,0.319,0.672,123.977,audio_features,4DJORZgsbqnEJ4f4B9TBGV,spotify:track:4DJORZgsbqnEJ4f4B9TBGV,https://api.spotify.com/v1/tracks/4DJORZgsbqnEJ4f4B9TBGV,https://api.spotify.com/v1/audio-analysis/4DJORZgsbqnEJ4f4B9TBGV,212573,4
295,0.636,0.815,5,-5.098,0,0.0581,0.0185,0.0,0.163,0.636,123.063,audio_features,5tf1VVWniHgryyumXyJM7w,spotify:track:5tf1VVWniHgryyumXyJM7w,https://api.spotify.com/v1/tracks/5tf1VVWniHgryyumXyJM7w,https://api.spotify.com/v1/audio-analysis/5tf1VVWniHgryyumXyJM7w,219043,4
296,0.812,0.712,0,-5.993,0,0.0452,0.01,0.0,0.108,0.85,98.029,audio_features,2ykXJ9QVwx9Li8nsW0h6b2,spotify:track:2ykXJ9QVwx9Li8nsW0h6b2,https://api.spotify.com/v1/tracks/2ykXJ9QVwx9Li8nsW0h6b2,https://api.spotify.com/v1/audio-analysis/2ykXJ9QVwx9Li8nsW0h6b2,148944,4
297,0.584,0.889,1,-5.941,0,0.0343,0.0462,0.828,0.309,0.464,126.04,audio_features,5UqCQaDshqbIk3pkhy4Pjg,spotify:track:5UqCQaDshqbIk3pkhy4Pjg,https://api.spotify.com/v1/tracks/5UqCQaDshqbIk3pkhy4Pjg,https://api.spotify.com/v1/audio-analysis/5UqCQaDshqbIk3pkhy4Pjg,199907,4
298,0.568,0.768,0,-7.654,0,0.0306,0.00237,0.012,0.196,0.523,123.963,audio_features,3v7hMuewavfpJx8sytJ4AO,spotify:track:3v7hMuewavfpJx8sytJ4AO,https://api.spotify.com/v1/tracks/3v7hMuewavfpJx8sytJ4AO,https://api.spotify.com/v1/audio-analysis/3v7hMuewavfpJx8sytJ4AO,238766,4
299,0.798,0.752,1,-5.947,1,0.227,0.128,0.0362,0.0795,0.565,125.996,audio_features,1HHnQYqcnlnE9q7LGFFGFj,spotify:track:1HHnQYqcnlnE9q7LGFFGFj,https://api.spotify.com/v1/tracks/1HHnQYqcnlnE9q7LGFFGFj,https://api.spotify.com/v1/audio-analysis/1HHnQYqcnlnE9q7LGFFGFj,164740,4
300,0.432,0.781,4,-4.038,0,0.0567,0.041,4.21e-06,0.0789,0.197,139.432,audio_features,66hayvUbTotekKU3H4ta1f,spotify:track:66hayvUbTotekKU3H4ta1f,https://api.spotify.com/v1/tracks/66hayvUbTotekKU3H4ta1f,https://api.spotify.com/v1/audio-analysis/66hayvUbTotekKU3H4ta1f,250286,4
301,0.611,0.651,1,-6.973,1,0.0589,0.144,1.7e-05,0.105,0.351,122.983,audio_features,6Q3K9gVUZRMZqZKrXovbM2,spotify:track:6Q3K9gVUZRMZqZKrXovbM2,https://api.spotify.com/v1/tracks/6Q3K9gVUZRMZqZKrXovbM2,https://api.spotify.com/v1/audio-analysis/6Q3K9gVUZRMZqZKrXovbM2,215361,4
